State,District,Latitude,Longitude,District code,Population,Male,Female,Literate,Below_Primary_Education,Households_with_Internet,Housholds_with_Electric_Lighting,Urban_Households,LPG_or_PNG_Households,Households_with_Car_Jeep_Van,Ownership_Owned_Households,Main_source_of_drinking_water_Un_covered_well_Households,Location_of_drinking_water_source_Away_Households,Main_source_of_drinking_water_River_Canal_Households,Household_size_3_to_5_persons_Households,Total_Power_Parity,sex_ratio,literacy_rate
Andhra Pradesh,Adilabad,19.284513950073435,78.81321233480176,532,2741239,1369597,1371642,1483347,232470,5512,566108,220248,194954,8338,559211,93294,210059,3303,417387,4181,100.15,54.0
Andhra Pradesh,Anantapur,14.312065561843148,77.4601584478577,553,4081148,2064495,2016653,2310960,462273,8606,897970,341431,223016,9915,779195,5049,207645,469,644263,5799,97.68,57.0
Andhra Pradesh,Chittoor,13.33109263067696,78.92763898886037,554,4174064,2090204,2083860,2667878,522961,13763,944555,395900,324406,16296,815953,8192,140697,548,678054,5926,99.7,64.0
Andhra Pradesh,East Godavari,16.782718320784902,82.2432074720511,545,5154296,2569688,2584608,3288577,669420,22411,1297273,406362,479914,25381,1088823,121195,235274,6523,952492,7211,100.58,64.0
Andhra Pradesh,Guntur,15.884925767634847,80.58657614107885,548,4887813,2440521,2447292,2960441,736270,19383,1186028,513113,648568,17424,981115,67710,267760,4238,842985,6981,100.28,61.0
Andhra Pradesh,Hyderabad,17.38971555555556,78.46668888888888,536,3943323,2018575,1924748,2892155,230962,149034,869721,1066289,581509,124106,437146,913,19270,84,546260,11071,95.35,73.0
Andhra Pradesh,Karimnagar,18.515483193277312,79.43765428571413,534,3776269,1880800,1895469,2206829,340372,8831,926768,288044,344667,14175,823820,133499,150002,305,649211,5251,100.78,58.0
Andhra Pradesh,Khammam,17.683921325051784,80.67008643892335,541,2797370,1390988,1406382,1630234,295639,8628,668519,201363,219710,11887,616617,46922,152392,4467,512966,3836,101.11,58.0
Andhra Pradesh,Krishna,16.143872753151673,81.14805061000413,547,4517398,2267375,2250023,3009718,618101,30438,1163932,567042,632890,27969,863382,87080,227575,1097,824868,6983,99.23,67.0
Andhra Pradesh,Kurnool,15.43759715142429,77.90086836581717,552,4053463,2039227,2014236,2127161,521327,10081,816721,306982,195001,10622,710444,17204,218712,6352,547505,5301,98.77,52.0
Andhra Pradesh,Mahbubnagar,16.639546224256293,77.98933089244859,538,4053028,2050386,2002642,1940646,419379,6153,757821,161052,136843,12615,800743,5990,254390,2595,541398,4695,97.67,48.0
Andhra Pradesh,Medak,17.889304978038055,78.13778901903379,535,3033288,1523030,1510258,1637137,324267,8635,604719,195479,163074,14362,570933,9627,160481,316,419073,3874,99.16,54.0
Andhra Pradesh,Nalgonda,17.113250515463907,79.16984453608244,539,3488809,1759772,1729037,2001019,369537,7715,789225,197433,228818,18927,760789,28731,229084,1096,578886,4468,98.25,57.0
Andhra Pradesh,Nizamabad,18.429485849056604,78.07523490566035,533,2551335,1250641,1300694,1389810,269487,5261,545913,155133,186740,10088,490840,8125,129036,335,379595,3458,104.0,54.0
Andhra Pradesh,Prakasam,15.489039001601704,80.11665790176184,549,3397448,1714764,1682684,1904435,489805,6151,763746,214089,290947,9071,717208,91097,253399,2055,548015,4304,98.13,56.0
Andhra Pradesh,Srikakulam,18.570900998697432,84.25874814010675,542,2703114,1341738,1361376,1495381,291793,3988,615432,149684,149554,5264,610487,199161,187026,10077,464451,3301,101.46,55.0
Andhra Pradesh,Vizianagaram,18.28329696032972,83.45982854198873,543,2344474,1161477,1182997,1238388,250446,4453,527736,157056,140361,5002,514227,73701,104524,2591,403386,3103,101.85,53.0
Andhra Pradesh,Warangal,18.01752608695651,79.87422028985509,540,3512576,1759281,1753295,2065023,314252,12952,828077,288249,237349,15727,761465,67830,210483,507,593070,4762,99.66,59.0
Andhra Pradesh,West Godavari,16.63297943925236,81.45912990654196,546,3936966,1964918,1972048,2652389,595331,12050,1017568,248373,435334,14687,836015,20184,143553,8333,724609,5485,100.36,67.0
Arunachal Pradesh,Changlang,27.36048479338845,96.37552644628106,253,148226,76948,71278,73174,20425,170,14593,6498,4762,1102,20141,3501,6042,1748,13892,348,92.63,49.0
Arunachal Pradesh,East Kameng,27.371194055944056,93.04741486013997,247,78690,38775,39915,38449,11713,57,5318,5215,3583,577,12051,296,4674,1309,6187,348,102.94,49.0
Arunachal Pradesh,East Siang,28.15382352941176,95.06499226006191,251,99214,50116,49098,62576,9938,450,14231,9524,4866,2072,11640,733,4260,633,8102,644,97.97,63.0
Arunachal Pradesh,Kurung Kumey,28.04853351800553,93.24531994459834,256,92076,45318,46758,36606,12661,95,3911,1092,586,605,15458,951,6354,2385,5358,348,103.18,40.0
Arunachal Pradesh,Lohit,27.946785273972623,96.59670770547945,259,145726,76221,69505,83062,19306,312,17157,11372,6549,1203,17340,925,5049,1739,15082,348,91.19,57.0
Arunachal Pradesh,Lower Dibang Valley,28.32651730103806,95.76567335640142,258,54080,28053,26027,31849,5875,207,5932,3950,3068,703,5317,154,2319,750,5222,348,92.78,59.0
Arunachal Pradesh,Lower Subansiri,27.70849297297297,93.96226108108112,255,83030,41843,41187,54057,8492,381,12493,5365,4211,2002,11259,505,2094,600,5721,348,98.43,65.0
Arunachal Pradesh,Papum Pare,27.273529716981127,93.54468183962264,248,176573,89182,87391,121048,15368,2477,30539,30180,22966,6454,15037,2472,4223,1653,16296,644,97.99,69.0
Arunachal Pradesh,Tawang,27.680683962264148,91.82504245283016,245,49977,29151,20826,26073,4904,96,8635,2452,3794,895,6820,16,2017,165,4886,348,71.44,52.0
Arunachal Pradesh,Tirap,26.94406229508198,95.41470327868862,254,111975,57604,54371,47974,13585,98,16026,6500,3104,679,15861,1425,7206,1627,7974,348,94.39,43.0
Arunachal Pradesh,Upper Siang,28.8309244897959,95.00155765306124,252,35320,18699,16621,18195,3952,97,6198,2182,1504,430,5393,7,848,35,2749,348,88.89,52.0
Arunachal Pradesh,Upper Subansiri,28.277196566523585,93.8991435622318,249,83448,41758,41690,45278,10219,139,5373,4672,3123,569,13420,112,4614,978,6935,348,99.84,54.0
Arunachal Pradesh,West Kameng,27.46486582278483,92.65015750452083,246,83947,46155,37792,48492,8836,202,14188,6306,7133,1299,9390,30,2477,693,8509,348,81.88,58.0
Arunachal Pradesh,West Siang,28.106296920289843,94.53510344202908,250,112274,58168,54106,64746,14227,303,14204,8503,6115,1964,14876,199,2980,914,8169,348,93.02,58.0
Assam,Barpeta,26.427872264631056,90.97912010178116,303,1693622,867004,826618,897058,210607,2078,84804,52192,50806,5560,326160,12995,43468,7691,190552,348,95.34,53.0
Assam,Bongaigaon,26.45012521994133,90.6734296187684,319,738804,375818,362986,434078,93591,2523,49866,38470,29937,5837,134382,46422,18150,2463,85826,348,96.59,59.0
Assam,Cachar,24.815570668693017,92.86849650455927,316,1736617,886284,850333,1174128,256855,5316,140205,88933,62135,8700,324905,98179,118032,39475,203831,348,95.94,68.0
Assam,Darrang,26.58463215962442,92.04141338028155,325,928500,475273,453227,487039,119027,1166,45444,20189,17676,3533,180669,9761,34147,3593,106839,348,95.36,52.0
Assam,Dhemaji,27.586533438485816,94.71336908517353,308,686133,351249,334884,423028,79107,1192,28195,16504,16547,3504,122182,9430,20331,7501,69390,348,95.34,62.0
Assam,Dibrugarh,27.30612284482757,95.0998282327587,310,1326335,676434,649901,884531,143189,8817,136685,77163,76292,21112,195303,8469,18589,1931,161208,348,96.08,67.0
Assam,Goalpara,26.017277777777807,90.59869891598912,302,1008183,513292,494891,563577,124700,1364,78641,39504,21455,4112,190189,53175,37767,3609,108374,348,96.42,56.0
Assam,Golaghat,26.377219709794485,93.82583397823468,313,1066888,543161,523727,721764,117393,3073,82345,34190,40889,9295,193055,12162,56886,3442,137370,348,96.42,68.0
Assam,Hailakandi,24.457496089385486,92.59154664804475,318,659296,337890,321406,407366,88596,1211,44143,16202,11035,2583,134032,24726,53184,15503,73531,348,95.12,62.0
Assam,Jorhat,26.76244824016563,94.30197722567289,312,1092256,556805,535451,794929,99454,5651,122063,80824,71639,16081,196137,15163,46552,6943,144578,348,96.16,73.0
Assam,Kamrup,26.170939452054807,91.58863273972592,321,1517542,778461,739081,995319,163849,3109,122191,43849,70272,10052,295002,36031,45817,2846,184261,348,94.94,66.0
Assam,Karbi Anglong,26.08966454598031,93.11536570271832,314,956313,490167,466146,557214,109324,1923,53918,37185,18763,3934,155192,66089,55463,11180,87093,348,95.1,58.0
Assam,Karimganj,24.69660712250711,92.3679498575498,317,1228686,625864,602822,795297,198059,1933,70951,32695,28261,3757,230546,54614,82520,23667,119294,348,96.32,65.0
Assam,Kokrajhar,26.497246635730868,90.13997470997688,300,887142,452905,434237,489305,116899,1218,41373,17115,15089,2996,171597,63325,33602,3748,102861,348,95.88,55.0
Assam,Lakhimpur,27.14128805970149,94.0775949253732,307,1042137,529674,512463,683486,126950,1948,60296,34694,32104,6904,183814,74157,35711,8173,113696,348,96.75,66.0
Assam,Nagaon,26.26462170626351,92.9306191144708,305,2823768,1439112,1384656,1710716,392616,5121,195631,124186,89206,13979,509358,58447,86784,8543,302531,348,96.22,61.0
Assam,Nalbari,26.46323767605632,91.40598521126763,323,771639,396006,375633,531771,75866,1631,68313,28238,37849,4785,149314,2272,16878,1134,91709,348,94.86,69.0
Assam,Sonitpur,26.73514926829268,92.85197804878044,306,1924110,983904,940206,1108572,216097,4358,133368,64528,70047,11760,323644,186802,74680,15114,219954,348,95.56,58.0
Assam,Tinsukia,27.53549291139241,95.69055949367085,309,1327929,680231,647698,798322,150893,5135,161718,90910,70471,13323,179202,12270,21387,2163,147468,348,95.22,60.0
Bihar,Araria,26.211528119180603,87.30766554934816,209,2811569,1463333,1348236,1195768,625357,2561,43290,44213,17004,5041,550065,718,31056,611,277849,2035,92.13,43.0
Bihar,Aurangabad,24.774291867469877,84.45986024096379,235,2540073,1318684,1221389,1466002,559512,2362,44456,49006,24106,7145,377134,12987,38179,221,137515,2215,92.62,58.0
Bihar,Aurangabad,24.774291867469877,84.45986024096379,515,3701282,1924469,1776813,2503837,381695,23258,589477,427343,246324,33322,580691,136042,116410,1840,415993,8119,92.33,68.0
Bihar,Banka,24.832355642023337,86.8664916342413,225,2034763,1067140,967623,965321,408188,1704,62359,18492,15459,3258,372571,94533,109898,5796,181580,1738,90.67,47.0
Bihar,Begusarai,25.54302613168723,86.12560144032932,222,2970541,1567660,1402881,1548673,577601,4644,120373,139248,49493,9821,577162,14845,63453,211,286725,2354,89.49,52.0
Bihar,Bhagalpur,25.277192885375477,87.04213814229242,224,3037766,1615663,1422103,1573066,614644,6764,174534,130634,63241,8644,540365,58207,104069,1431,264904,2814,88.02,52.0
Bihar,Bhojpur,25.50666439393939,84.49407803030304,231,2728407,1430380,1298027,1599151,581580,3661,62153,77368,45763,7391,401256,4543,24348,268,142899,2600,90.75,59.0
Bihar,Buxar,25.48593018867924,84.08808081760995,232,1706352,887977,818375,989807,331675,1784,46760,35405,27362,5341,254972,4471,19459,212,88936,1556,92.16,58.0
Bihar,Darbhanga,26.146187719298258,85.97387352472099,215,3937385,2059949,1877436,1816634,672797,6280,127442,95539,59510,10325,785953,868,127849,860,396000,3514,91.14,46.0
Bihar,Gaya,24.7266541547278,84.94291217765044,236,4391418,2266566,2124852,2297613,902272,6856,112617,111282,57738,11827,665673,57516,131370,1505,252000,3998,93.75,52.0
Bihar,Gopalganj,26.44874364161851,84.34636127167629,217,2562012,1267666,1294346,1382998,540603,3707,69375,38133,31193,9508,412706,950,23320,229,145088,2370,102.1,54.0
Bihar,Jamui,24.78418380462726,86.26316298200514,238,1760405,916064,844341,858588,420472,1839,32633,30851,12984,4842,300265,117154,87642,5009,132724,1516,92.17,49.0
Bihar,Jehanabad,25.155679045643165,84.9208124481328,239,1125313,585582,539731,618881,211761,1106,27641,28132,15507,2522,176076,5236,21606,54,69576,960,92.17,55.0
Bihar,Katihar,25.56565356037151,87.70466083591326,212,3071029,1600430,1470599,1280190,472616,2941,60900,69838,32570,5118,595596,3749,63125,916,297110,2516,91.89,42.0
Bihar,Khagaria,25.53558891454964,86.56593256351037,223,1666886,883786,783100,768028,350601,1580,40641,21007,15401,3120,321312,1604,37245,183,154724,1254,88.61,46.0
Bihar,Kishanganj,26.324336758321294,87.95045007235886,210,1690400,866970,823430,745056,356401,1093,58718,43357,11715,2436,326865,7220,33601,527,153832,1347,94.98,44.0
Bihar,Lakhisarai,25.183449321266963,86.12825701357468,227,1000912,526345,474567,507270,172076,1186,44491,31763,12938,2415,158930,21038,30335,425,64137,904,90.16,51.0
Bihar,Madhepura,25.77341929460581,86.8978443983403,213,2001762,1047559,954203,834577,340813,1397,23236,24000,12302,4560,394241,1604,28868,148,203093,1494,91.09,42.0
Bihar,Madhubani,26.41380538172716,86.16328360450552,207,4487379,2329313,2158066,2155338,783888,5319,113281,41234,47090,11636,884913,2224,142744,546,441220,3520,92.65,48.0
Bihar,Munger,25.198537962962963,86.54173672839504,226,1367765,729041,638724,801817,226699,2653,90461,85782,49141,3755,248457,48900,43505,862,130791,1424,87.61,59.0
Bihar,Muzaffarpur,26.18664417177915,85.32745092024543,216,4801062,2527497,2273565,2509232,1092952,10290,180651,120700,87796,23333,911967,6804,87226,570,459200,4105,89.95,52.0
Bihar,Nalanda,25.229345508982053,85.48053113772461,229,2877653,1497060,1380593,1519933,581978,4156,101378,102522,43761,7955,464186,38426,99223,303,191481,2578,92.22,53.0
Bihar,Nawada,24.825708836206903,85.61594568965519,237,2219146,1144668,1074478,1091012,601011,1841,31162,45323,20522,3991,336216,23777,65594,889,117974,1924,93.87,49.0
Bihar,Pashchim Champaran,27.16064352201258,84.30265911949685,203,3935042,2061110,1873932,1759481,1053481,3495,57546,96620,38414,10911,694531,5830,56971,521,299420,3181,90.92,45.0
Bihar,Patna,25.40297114503818,85.3198433587787,230,5838465,3078512,2759953,3459679,1244842,40692,546859,552103,321307,49821,829728,32808,97253,885,411646,7065,89.65,59.0
Bihar,Purba Champaran,26.68129336734693,85.00382155612242,204,5099371,2681209,2418162,2276957,1280809,7719,74979,101565,52358,19282,967001,6973,82938,471,447128,4098,90.19,45.0
Bihar,Purnia,25.81714801901739,87.40447606973065,211,3264619,1699370,1565249,1332326,668690,4170,86058,85749,33688,8390,624039,1415,52843,1390,304012,2641,92.11,41.0
Bihar,Rohtas,24.99170460829495,83.9350762672811,234,2959918,1543546,1416372,1799832,535187,4594,114893,95678,41659,10819,433720,8126,26201,556,166203,1555,91.76,61.0
Bihar,Saharsa,25.821270696721303,86.54670819672135,214,1900661,997174,903487,804996,348300,1668,41342,38046,21651,3824,359161,3285,34896,299,179102,1582,90.6,42.0
Bihar,Samastipur,25.793205563909765,85.94833323308269,221,4261566,2230003,2031563,2142880,781038,5379,88021,43486,46123,10621,829443,20018,113395,542,404835,3500,91.1,50.0
Bihar,Saran,25.89656077844312,84.82266287425155,219,3951862,2022821,1929041,2157454,793945,4509,94787,76299,51822,10948,628222,24127,52347,435,226877,3667,95.36,55.0
Bihar,Sheikhpura,25.12472436548223,85.77839390862943,228,636342,329743,306599,328676,129673,631,20065,24345,6803,1728,100345,8860,22635,49,36901,565,92.98,52.0
Bihar,Sheohar,26.458380748663107,85.29539411764709,205,656246,346673,309573,283698,128209,478,10004,7516,3983,1410,147280,389,15128,55,71746,489,89.3,43.0
Bihar,Sitamarhi,26.56570069686413,85.61172491289203,206,3423574,1803252,1620322,1436794,733380,3460,66263,49670,39465,7292,720630,2238,122665,302,357069,2679,89.86,42.0
Bihar,Siwan,26.1736372013652,84.33766552901022,218,3330464,1675090,1655374,1930175,689880,3834,52935,41858,42384,10891,535085,1883,27943,259,191273,3014,98.82,58.0
Bihar,Supaul,26.28157893772896,86.78496465201461,208,2229076,1155283,1073793,1033283,467768,1845,51028,27815,12111,4064,430158,1260,21374,265,223470,1836,92.95,46.0
Bihar,Vaishali,25.8134703180212,85.39247597173153,220,3495021,1844535,1650486,1926740,810191,4810,70001,51494,47300,11316,620927,31303,77755,458,285265,2930,89.48,55.0
Chandigarh,Chandigarh,30.7426,76.75872465753424,55,1055450,580663,474787,805438,80406,44283,231204,289456,168344,60494,112043,45,5182,12,144460,34145,81.77,76.0
Chhattisgarh,Bastar,19.393866751269048,81.52895126903546,414,1413199,698487,714712,650863,183667,1782,157646,54894,22075,4227,287405,20384,109749,4833,161211,1529,102.32,46.0
Chhattisgarh,Bilaspur,22.356942982456143,81.99770350877188,30,381956,192764,189192,287620,35817,1574,79146,11987,17262,6573,75560,2143,9259,43,46905,3666,98.15,75.0
Chhattisgarh,Bilaspur,22.356942982456143,81.99770350877188,406,2663629,1351574,1312055,1596560,382091,8566,519704,188174,77727,13137,561313,67248,162050,3051,321189,2981,97.08,60.0
Chhattisgarh,Dhamtari,20.554912627291245,81.7569195519348,412,799781,397897,401884,546833,143128,1016,148926,41792,14568,3069,156006,14745,30830,212,92059,782,101.0,68.0
Chhattisgarh,Durg,21.194463849287164,81.33181639511197,409,3343872,1682101,1661771,2303378,463598,16141,614109,349741,129193,28840,582952,24867,139609,971,375703,4209,98.79,69.0
Chhattisgarh,Jashpur,22.77286167664669,83.8703962075848,402,851669,424747,426922,495415,120768,567,76783,20722,6628,2442,179774,44318,65994,1722,99333,856,100.51,58.0
Chhattisgarh,Korba,22.491712499999995,82.57604326923074,404,1206640,612915,593725,748759,178191,4544,202380,126055,43357,8677,232642,58597,70494,4649,153186,1565,96.87,62.0
Chhattisgarh,Koriya,23.50412776859501,82.12515636363635,400,658917,334737,324180,397823,143413,1667,80023,59763,25605,3402,124298,37447,45311,4006,81771,852,96.85,60.0
Chhattisgarh,Mahasamund,21.223727037773354,82.65925427435384,411,1032754,511967,520787,637963,179770,961,212487,35774,13200,3546,241908,16604,65170,404,143728,964,101.72,62.0
Chhattisgarh,Raigarh,22.008265068493166,83.27797698630134,403,1493984,750278,743706,951639,246480,3342,297308,66638,27771,5979,331942,29740,83047,2129,200941,1575,99.12,64.0
Chhattisgarh,Raigarh,22.008265068493166,83.27797698630134,520,2634200,1344345,1289855,1939994,231263,38570,547206,377160,328277,43536,463109,61663,73768,4337,362797,6097,95.95,74.0
Chhattisgarh,Raipur,20.88603153846152,82.20032759615388,410,4063872,2048186,2015686,2629749,618508,20261,728556,395001,166505,30572,739497,53362,205131,2863,462395,4561,98.41,65.0
Chhattisgarh,Surguja,23.32719278728607,83.23582493887531,401,2359886,1193129,1166757,1187941,364452,2737,253131,65167,29433,8096,492651,145838,191705,14757,270986,2462,97.79,50.0
Daman and Diu,Daman,20.431616666666677,72.8392366071429,495,191173,124659,66514,150348,8957,1316,49249,61073,25844,3163,14722,78,772,2,30398,34145,53.36,79.0
Daman and Diu,Junagadh,20.72568199498111,70.83985639899612,479,2743082,1404356,1338726,1842818,271762,6628,498326,287506,144561,17447,457405,37903,84440,336,276859,5549,95.33,67.0
Goa,North Goa,15.548723418714054,73.80667997909038,585,818008,416677,401331,663060,40968,23440,173951,209230,132612,44342,145651,15156,8061,447,114062,2078,96.32,81.0
Goa,South Goa,15.195278658183785,73.941792596877,586,640537,322463,318074,502427,29874,17624,138810,162873,102191,35031,108881,7809,7453,628,90673,1646,98.64,78.0
Gujarat,Ahmadabad,22.605425564971743,72.23898135593227,474,7214225,3788051,3426174,5435760,761358,126341,1456046,1845383,965017,174812,1193694,17376,62436,2447,880951,18633,90.45,75.0
Gujarat,Amreli,21.04832649310872,71.43457637825426,480,1514190,771049,743141,995459,230474,2538,273331,116899,80378,10236,265928,10871,46800,1332,138082,2825,96.38,66.0
Gujarat,Anand,22.282718206229863,72.57782051557454,482,2092745,1087224,1005521,1551253,257524,9902,378310,208909,147122,19352,379759,9141,44677,188,231623,4372,92.49,74.0
Gujarat,Banas Kantha,24.258538965517253,71.93205252873561,469,3120506,1610379,1510127,1704923,366867,3424,396873,137424,84832,22723,515862,19449,95086,945,260512,4242,93.77,55.0
Gujarat,Bharuch,21.75787276237761,72.67326346710801,488,1551019,805707,745312,1118276,161675,10257,309091,181319,121542,21579,279792,8934,34474,2217,190910,3242,92.5,72.0
Gujarat,Bhavnagar,21.70219390341736,72.16272632761141,481,2880365,1490201,1390164,1887255,422461,7297,500757,356826,171327,17517,467094,27398,81285,1966,253095,5434,93.29,66.0
Gujarat,Gandhinagar,23.193679790026252,72.67221679790026,473,1391753,723864,667889,1030494,136131,12107,262539,195634,132683,26385,234873,155,11377,166,163534,6016,92.27,74.0
Gujarat,Jamnagar,22.410600414263328,69.62062005768233,477,2160119,1114192,1045927,1396534,255785,11573,386538,299167,142974,20471,354786,25079,59245,826,225160,5028,93.87,65.0
Gujarat,Junagadh,20.929523011609785,70.54733890140345,479,2743082,1404356,1338726,1842818,271762,6628,498326,287506,144561,17447,457405,37903,84440,336,276859,5549,95.33,67.0
Gujarat,Kachchh,23.48057203301311,68.82192301497916,468,2092371,1096737,995634,1252319,246956,9631,403294,250982,140067,28788,328271,10534,53492,848,229277,4146,90.78,60.0
Gujarat,Kheda,22.88765312500002,73.018803515625,483,2299885,1185727,1114158,1660243,295057,5710,372226,160547,99982,12788,429236,18115,70641,1194,244695,4252,93.96,72.0
Gujarat,Mahesana,23.529355452865065,72.45545194085031,471,2035064,1056520,978544,1502645,260278,7759,385609,183738,180985,25163,371860,2485,23529,1257,232736,3648,92.62,74.0
Gujarat,Narmada,21.70666386292833,73.68403208722742,487,590297,301086,289211,370336,76197,576,101940,22248,12997,2442,115602,1577,20016,2028,62416,979,96.06,63.0
Gujarat,Navsari,20.866973318871995,72.86184869848157,490,1329672,678165,651507,1001909,145678,6726,267679,141417,114620,18669,262571,20273,36228,385,177608,3256,96.07,75.0
Gujarat,Panch Mahals,22.80435606837605,73.61984598290586,484,2390776,1226961,1163815,1440805,255905,3456,398937,104238,59096,9656,425072,91728,113188,4067,206091,3981,94.85,60.0
Gujarat,Patan,23.80634198473284,71.75162977099237,470,1343734,694397,649337,837913,168990,2231,223424,102655,66310,7802,245138,5572,27510,1351,135333,2199,93.51,62.0
Gujarat,Porbandar,21.55092351651571,69.71896987722886,478,585449,300209,285240,393678,50588,1653,117040,87557,41686,4395,103353,15074,21248,129,71173,1463,95.01,67.0
Gujarat,Rajkot,22.40603377715488,70.83679439383323,476,3804558,1974445,1830113,2725056,383780,21785,747352,721532,362140,55289,644828,12904,62687,1540,446694,8498,92.69,72.0
Gujarat,Sabar Kantha,23.71803594548552,73.13638790459964,472,2428589,1244231,1184358,1578734,214062,5262,438606,121509,99037,22379,450063,27599,80022,533,247442,3934,95.19,65.0
Gujarat,Surat,21.25761372772093,72.93488716344339,492,6081322,3402224,2679098,4571410,566242,55694,1252452,1529998,815423,106983,788508,12286,62145,402,788695,16368,78.75,75.0
Gujarat,Surendranagar,22.82672007299272,71.48358740875906,475,1756268,909917,846351,1093626,234873,2975,302068,159810,77857,10088,306924,33588,68545,2405,166727,3227,93.01,62.0
Gujarat,The Dangs,20.801633877551023,73.6883518367347,489,228291,113821,114470,140968,43639,137,29794,7516,2029,991,46314,9763,19727,914,21667,325,100.57,62.0
Gujarat,Vadodara,22.26133739279589,73.49433010291594,486,4165626,2153736,2011890,2893080,396624,53606,798277,692971,411734,72630,771779,16732,94469,5373,502358,9753,93.41,69.0
Gujarat,Valsad,20.44238231644259,72.9148584798345,491,1705678,887222,818456,1170657,165459,11020,329218,235981,137209,23938,297911,29603,69975,2848,208732,3316,92.25,69.0
Haryana,Ambala,30.3503672316384,76.94970310734456,70,1128350,598703,529647,818025,89558,12899,199681,139891,121622,26122,183898,252,4947,32,120894,2781,88.47,72.0
Haryana,Bhiwani,28.728868064516128,76.02110225806452,81,1634445,866672,767773,1069871,186145,5292,266244,99235,88938,16793,293443,22116,60002,347,175604,3349,88.59,65.0
Haryana,Faridabad,28.14873109756098,77.32718536585368,88,1809733,966110,843623,1272739,137902,43437,333171,382981,258422,63470,276186,188,34162,187,201457,5080,87.32,70.0
Haryana,Fatehabad,29.57298318584072,75.54608716814157,78,942011,495360,446651,557578,103541,3210,153301,55360,51693,14030,162708,228,13305,1970,99951,1854,90.17,59.0
Haryana,Gurgaon,28.043894789579163,77.01935130260523,86,1514432,816690,697742,1111116,126920,67087,305751,381988,238359,92934,211728,587,19329,264,189075,3107,85.44,73.0
Haryana,Hisar,29.23628731117825,75.84324682779452,80,1743931,931562,812369,1114311,197303,10132,285004,154113,110495,24642,295628,12798,53834,4199,188751,3642,87.21,64.0
Haryana,Jhajjar,28.59651868131869,76.61137142857145,83,958405,514667,443738,676091,90737,5034,168558,78328,70149,14298,168223,5301,32772,173,105616,2169,86.22,71.0
Haryana,Jind,29.45149821958457,76.29598575667653,77,1334152,713006,621146,832758,136892,5263,222462,89665,78386,15836,227870,15600,50863,542,134056,2674,87.12,62.0
Haryana,Kaithal,29.96068539094649,76.37698930041155,73,1074304,571003,503301,646529,119345,3724,187349,75696,62668,12792,189832,1443,25152,354,111504,2046,88.14,60.0
Haryana,Karnal,29.703200647249204,76.87488025889972,74,1505324,797712,707612,978013,155839,11163,267223,135920,143133,26238,258981,151,14402,84,161777,3368,88.71,65.0
Haryana,Kurukshetra,30.05652659846548,76.78774680306903,72,964655,510976,453679,646893,94530,7356,171908,88268,90150,20261,162147,40,6569,17,104115,2137,88.79,67.0
Haryana,Mahendragarh,28.1352161458333,76.14018072916659,84,922088,486665,435423,630255,94273,2624,135455,44216,45359,8538,162961,4493,32687,60,91491,1894,89.47,68.0
Haryana,Panchkula,30.700897142857134,76.97173238095236,69,561293,299679,261614,405318,45607,18615,103455,93656,69687,29497,78722,558,5755,318,65612,1445,87.3,72.0
Haryana,Panipat,29.34352134146342,76.92895914634147,75,1205437,646857,558580,786599,118873,10024,209965,153804,121846,17466,182191,712,17950,208,123573,2559,86.35,65.0
Haryana,Rewari,28.19164714828897,76.55956007604564,85,900332,474335,425997,636947,81280,5121,152651,69305,62667,12161,156650,2055,18637,147,97233,1979,89.81,71.0
Haryana,Rohtak,28.892517647058817,76.53123235294117,82,1061204,568479,492725,747582,117097,8482,193120,131739,94633,16545,185204,8169,28372,1086,118044,2299,86.67,70.0
Haryana,Sirsa,29.63583446327684,74.90970480225988,79,1295189,682582,612607,782897,141766,6287,215527,93316,70538,24468,219428,178,10272,3363,135060,2681,89.75,60.0
Himachal Pradesh,Bilaspur,31.3780422907489,76.65316079295157,30,381956,192764,189192,287620,35817,1574,79146,11987,17262,6573,75560,2143,9259,43,46905,3666,98.15,75.0
Himachal Pradesh,Bilaspur,31.3780422907489,76.65316079295157,406,2663629,1351574,1312055,1596560,382091,8566,519704,188174,77727,13137,561313,67248,162050,3051,321189,2981,97.08,60.0
Himachal Pradesh,Chamba,32.66741814595661,76.39354063116366,23,519080,261320,257760,323842,56272,1615,96082,13836,21458,5074,94367,131,10664,371,52526,950,98.64,62.0
Himachal Pradesh,Hamirpur,31.67668481012659,76.49767088607594,28,454768,217070,237698,358091,37327,2521,104120,15232,34978,6665,99538,1443,5748,22,64353,878,109.5,79.0
Himachal Pradesh,Hamirpur,31.67668481012659,76.49767088607594,168,1104285,593537,510748,653299,159593,1196,55929,55300,20175,3791,202503,9366,41867,255,88512,1291,86.05,59.0
Himachal Pradesh,Kangra,32.14093603238864,76.41205910931173,24,1510075,750591,759484,1152640,127699,8053,330081,39007,148361,22727,314828,4712,30114,237,213017,2878,101.18,76.0
Himachal Pradesh,Kinnaur,31.60667184065933,78.51613736263741,34,84121,46249,37872,60699,9400,354,17865,0,10740,2775,13926,42,1700,174,9423,181,81.89,72.0
Himachal Pradesh,Kullu,31.90911922077925,77.40922649350647,26,437903,225452,212451,307672,48384,2623,91322,20709,40064,8479,80610,568,10792,610,53737,854,94.23,70.0
Himachal Pradesh,Mandi,31.635805940594054,76.96556930693067,27,999777,498065,501712,723747,100052,5333,214491,31696,59324,15958,205510,1899,12631,455,130468,1842,100.73,72.0
Himachal Pradesh,Shimla,31.155725451807253,77.62573042168668,33,814010,425039,388971,612642,69967,9177,172754,95896,108888,23107,126522,2187,20172,1134,102290,1668,91.51,75.0
Himachal Pradesh,Sirmaur,30.682764453961443,77.43184689507493,32,529855,276289,253566,362645,57853,2220,91509,21054,28904,7459,83947,2064,17116,1297,47460,930,91.78,68.0
Himachal Pradesh,Solan,31.03864311926604,76.94442140672783,31,580320,308754,271566,428578,50331,5250,119866,51509,53722,15117,86649,2249,12813,472,68774,1253,87.96,74.0
Himachal Pradesh,Una,31.58330388349513,76.18353932038836,29,521173,263692,257481,399715,51838,2412,105929,20126,43809,8059,101443,2205,8090,48,65541,987,97.64,77.0
Jammu and Kashmir,Doda,33.359614675767915,76.07163720136518,16,409936,213641,196295,219083,43794,596,61831,11350,7963,1804,76189,2915,18262,978,40819,1103,91.88,53.0
Jammu and Kashmir,Jammu,32.713199095022645,74.8477520361991,21,1529958,813821,716137,1137135,135391,19905,294739,248043,197168,44063,274859,6884,22499,671,193158,3525,88.0,74.0
Jammu and Kashmir,Kargil,33.565994894894914,76.63675315315312,4,140802,77785,63017,86236,12732,235,15824,7774,3285,1847,16646,1,7031,2641,4991,214,81.01,61.0
Jammu and Kashmir,Kathua,32.51781678321678,75.58901398601404,7,616435,326109,290326,389204,69396,1443,109422,33473,32772,4687,114949,8616,29223,860,67133,936,89.03,63.0
Jammu and Kashmir,Pulwama,33.88414418604652,75.00921860465118,12,560440,293064,267376,293958,36201,1537,73629,21703,16828,6164,80452,212,11028,8108,32942,1068,91.23,52.0
Jammu and Kashmir,Punch,33.791241290322574,74.29593161290322,5,476835,251899,224936,261724,55762,346,62900,15269,13160,1731,87711,17702,38654,1351,44517,629,89.3,55.0
Jammu and Kashmir,Srinagar,34.27312898550724,75.11021159420288,10,1236829,651124,585705,748584,88911,16413,165403,257721,138119,34586,160923,38,2815,669,94928,3099,89.95,61.0
Jammu and Kashmir,Udhampur,33.04770670731707,75.15286951219511,19,554985,296784,258201,322354,58567,1214,73999,34696,20008,3800,90329,9401,35086,1825,47101,1278,87.0,58.0
Jharkhand,Bokaro,23.6814965034965,85.98398374125864,355,2062330,1072807,989523,1273520,242467,9754,274726,258452,67157,21098,292464,126869,110155,12782,203702,3604,92.24,62.0
Jharkhand,Chatra,24.11619945750453,84.93295804701627,347,1042886,533935,508951,510061,200861,590,27037,14528,5307,2110,176487,79816,56936,2487,75131,817,95.32,49.0
Jharkhand,Deoghar,24.33070100755672,86.75697632241814,350,1492073,775022,717051,793538,217460,1944,130193,64337,26760,3714,249689,99127,71071,3608,122204,1267,92.52,53.0
Jharkhand,Dhanbad,23.854509090909097,86.40372924901185,354,2684487,1405956,1278531,1722204,317918,11568,427173,405455,83995,18631,359496,119821,156059,5460,254604,3954,90.94,64.0
Jharkhand,Dumka,24.275006125574265,87.27662450229711,362,1321442,668514,652928,672409,229157,1193,62110,23281,11836,2912,267228,71859,102988,3271,147147,1323,97.67,51.0
Jharkhand,Garhwa,24.082114689265527,83.68664265536722,346,1322784,683575,639209,653476,207665,565,29373,19180,6798,2671,250350,58397,91201,3129,117461,1017,93.51,49.0
Jharkhand,Giridih,24.30578509874329,86.08710915619386,349,2445474,1258098,1187376,1253475,503261,1944,125431,46886,16909,6290,381432,258543,122172,7536,156347,2384,94.38,51.0
Jharkhand,Godda,24.8189,87.2941735483871,351,1313551,677927,635624,604519,217607,874,43230,15576,7421,1754,245973,61679,79712,2965,123999,1057,93.76,46.0
Jharkhand,Gumla,23.078532948929148,84.55056787479396,366,1025213,514390,510823,559720,136719,831,31687,16445,9108,2181,179247,121359,84762,1302,81595,849,99.31,55.0
Jharkhand,Jamtara,23.97873318077801,86.95325080091534,363,791042,404830,386212,426312,131150,808,49419,20113,5564,1632,145904,38510,47603,1405,76917,540,95.4,54.0
Jharkhand,Latehar,23.72511185840708,84.48298743362837,359,726978,369666,357312,350682,109491,340,38194,14137,2177,1268,127924,50470,52201,3848,58080,547,96.66,48.0
Jharkhand,Lohardaga,23.488796043165483,84.6605169064748,356,461790,232629,229161,259707,82873,351,28769,14725,8016,1102,87210,44537,33018,984,41588,388,98.51,56.0
Jharkhand,Pakur,24.57260428082189,87.69691969178076,353,900422,452661,447761,352881,100367,328,31414,16587,5316,923,175835,25425,54356,1716,93405,691,98.92,39.0
Jharkhand,Palamu,24.196925968109337,84.20310842824594,358,1939869,1006302,933567,1024563,303053,2155,68238,52375,17270,8015,346286,86426,106592,4192,163115,1515,92.77,53.0
Jharkhand,Ranchi,23.184235061391547,85.31781937244203,364,2914253,1494937,1419316,1911433,361522,22538,350908,310242,164237,34053,461581,213369,174928,6977,294024,3805,94.94,66.0
Jharkhand,Sahibganj,24.93667989690721,87.68264097938142,352,1150567,589391,561176,483263,146399,591,34879,37543,11545,1285,217420,55900,62987,1584,112655,954,95.21,42.0
Jharkhand,Simdega,22.608760391198054,84.59193691931536,367,599578,300309,299269,343483,82317,423,16865,11114,3472,1158,111052,65409,48561,1071,55943,496,99.65,57.0
Karnataka,Bagalkot,16.15860676328503,75.64526070853468,556,1889752,950111,939641,1113412,242336,3745,301389,165858,49345,9726,287059,12682,86279,9810,183541,2890,98.9,59.0
Karnataka,Bangalore Rural,12.936827087794448,77.47369314775169,583,990923,509172,481751,688749,100770,3729,214253,95410,77454,10389,163974,775,42849,45,144124,1422,94.61,70.0
Karnataka,Belgaum,16.16107219152853,74.72329042357275,555,4779661,2423063,2356598,3052032,544564,17560,808827,356198,240742,35104,811672,124332,231175,24013,550977,7045,97.26,64.0
Karnataka,Bellary,15.074377548209377,76.47228471074374,565,2452595,1236954,1215641,1421621,275785,9626,440374,251876,114040,14163,366781,4739,114873,5832,267798,3886,98.28,58.0
Karnataka,Bidar,17.950361730769224,77.19459961538459,558,1703300,870665,832635,1042673,188998,3971,271439,102269,34924,9724,278386,42806,100961,584,150730,2448,95.63,61.0
Karnataka,Bijapur,16.84015316666667,75.95909166666665,417,255230,128663,126567,86919,25597,117,12516,7942,1022,305,47682,2888,21902,2696,25936,1387,98.37,34.0
Karnataka,Bijapur,16.84015316666667,75.95909166666665,557,2177331,1111022,1066309,1248268,246391,4987,326594,131041,58890,11722,338321,50159,139409,6429,202950,2938,95.98,57.0
Karnataka,Chikmagalur,13.425288289676422,75.67626502311249,570,1137961,566622,571339,818345,114570,4510,238505,80766,74534,15446,216586,21964,35942,5006,182344,1996,100.83,72.0
Karnataka,Chitradurga,14.29102220394736,76.57821957236843,566,1659456,840843,818613,1087392,188329,5711,307257,97644,60522,7425,298987,1341,76978,545,213641,2374,97.36,66.0
Karnataka,Davanagere,14.330414586709884,75.91723841166937,567,1945497,986400,959097,1308540,242130,7320,372671,176011,100812,15449,320621,3072,74855,4433,249307,3062,97.23,67.0
Karnataka,Dharwad,15.343831376975173,75.13831264108359,562,1847023,937206,909817,1301664,252596,15013,347962,283397,140584,21127,275419,2403,52813,2568,223035,3519,97.08,70.0
Karnataka,Gadag,15.507128256880746,75.64861302752298,561,1064570,537147,527423,700177,121615,3373,198064,111906,31959,5205,175742,4690,54924,1914,121985,1699,98.19,66.0
Karnataka,Gulbarga,17.070459515951594,76.87503850385033,579,2566326,1301755,1264571,1427368,177860,9752,404767,199303,77334,12872,378218,46557,144128,6730,217746,5378,97.14,56.0
Karnataka,Hassan,12.945098749999998,76.11049549999997,574,1776421,883667,892754,1225256,182255,4851,400702,132878,90599,14979,363138,9610,64031,1165,290412,2743,101.03,69.0
Karnataka,Haveri,14.737582809224318,75.3961230607966,564,1597668,819128,778540,1085443,240925,2456,295937,98488,41517,5681,280133,834,69107,2445,195266,2240,95.04,68.0
Karnataka,Kodagu,12.39684468085106,75.79336595744688,576,554519,274608,279911,412877,51287,3308,113931,31792,40958,16963,93366,38445,17785,2943,89880,942,101.93,74.0
Karnataka,Kolar,13.312799881235172,78.01376947743476,581,1536401,776396,760005,1016219,138015,5051,309494,151042,72407,9208,261316,3002,101786,76,200532,3389,97.89,66.0
Karnataka,Koppal,15.651253271028034,76.1617048598131,560,1389920,699926,689994,809085,222140,2135,223166,64681,31673,6211,212484,5231,73097,2060,131395,1889,98.58,58.0
Karnataka,Mandya,12.574901806239744,76.81570098522172,573,1805769,905085,900684,1149649,145178,3367,391033,103435,80452,8188,370797,5650,57395,673,281659,2628,99.51,64.0
Karnataka,Mysore,12.248100259403367,76.52881802853437,577,3001127,1511600,1489527,1962180,207091,28397,640868,380386,273706,40420,529209,7698,66647,3666,457208,4995,98.54,65.0
Karnataka,Raichur,16.050795353982295,76.87368606194688,559,1928812,964511,964301,979769,147743,5200,314547,125402,51443,11104,300223,16224,130909,11289,178262,2672,99.98,51.0
Karnataka,Shimoga,14.063845885634592,75.17882078103197,568,1752753,877415,875338,1263016,191641,8791,363835,201662,128087,20781,315329,79835,52450,2161,269559,3119,99.76,72.0
Karnataka,Tumkur,13.592467760074973,77.02297966260545,571,2678980,1350594,1328386,1813391,270373,7971,562769,204799,116539,14929,532693,5715,122399,360,407282,4067,98.36,68.0
Karnataka,Udupi,13.450404228534568,74.72009990316337,569,1177361,562131,615230,926429,142493,9070,224814,115572,83810,21349,220662,166257,27194,1072,136103,2100,109.45,79.0
Kerala,Alappuzha,9.542602965599087,76.38010796263319,598,2127789,1013142,1114647,1852797,133039,28842,507913,392117,274392,42404,496464,179060,59658,5108,368315,3368,110.02,87.0
Kerala,Ernakulam,10.004879301987431,76.26957729035381,595,3282388,1619557,1662831,2855676,212263,88737,771287,804997,499291,135307,689970,218410,38103,372,568385,6274,102.67,87.0
Kerala,Idukki,9.80480963855423,77.04586641566264,596,1108974,552808,556166,923010,79149,8250,244844,20823,54626,21976,222531,90049,75292,2746,192158,1374,100.61,83.0
Kerala,Kannur,11.941523076923056,75.35209891725934,589,2523003,1181446,1341557,2138434,204713,32653,511167,566191,115356,44108,507341,397151,39088,181,330674,4432,113.55,85.0
Kerala,Kasaragod,12.33310309912974,75.07768497134369,588,1307375,628613,678762,1037492,115476,10378,237670,166164,74092,19438,240351,157785,31854,505,157758,1988,107.98,79.0
Kerala,Kollam,8.929388820570157,76.6360775852431,600,2635375,1246968,1388407,2240273,172247,31542,630767,401415,263148,58867,597009,331377,30236,249,466519,3910,111.34,85.0
Kerala,Kottayam,9.643701174068417,76.46059673302705,597,1974551,968289,1006262,1749798,117681,37849,464039,196194,187213,73096,434540,177265,58162,730,330354,3071,103.92,89.0
Kerala,Kozhikode,11.392924270557026,75.71158720159153,591,3086293,1470942,1615351,2615443,247996,36791,641660,666543,145558,54277,638772,396233,55550,328,444561,4594,109.82,85.0
Kerala,Malappuram,10.97329875666072,75.93910775606876,592,4112920,1960328,2152592,3311315,415601,27909,730119,522586,139994,59145,719609,508118,50719,509,425449,4838,109.81,81.0
Kerala,Palakkad,10.784926903553291,76.49980490693744,593,2809934,1359478,1450456,2239492,249198,27162,587583,228442,178386,43458,575878,257588,53441,2587,394623,3929,106.69,80.0
Kerala,Thiruvananthapuram,8.537101759082221,76.88711502868073,601,3301427,1581678,1719749,2785408,206328,71621,783872,609824,343590,96456,727418,367952,47323,536,568815,5770,108.73,84.0
Kerala,Thrissur,10.458932647907687,76.12321940836945,594,3121200,1480763,1640437,2678548,222627,56148,721625,715119,338350,84016,683102,328453,34523,190,499304,5612,110.78,86.0
Kerala,Wayanad,11.715277464788736,76.07587007042254,590,817420,401684,415736,645585,65326,4712,149864,11805,23028,13027,166448,109208,29882,541,125105,1095,103.5,79.0
Madhya Pradesh,Anuppur,23.18184220430107,81.86560000000007,461,749237,379114,370123,436595,113208,1290,81338,60325,23388,2895,146164,58087,53187,2384,90782,787,97.63,58.0
Madhya Pradesh,Ashoknagar,24.63098846153845,77.82974493927134,459,845071,443837,401234,469109,148647,619,84720,37135,15886,2373,162759,29938,55282,494,85945,861,90.4,56.0
Madhya Pradesh,Balaghat,21.80020720640569,80.42170053380796,457,1701698,842178,859520,1147623,290699,1712,277927,70793,27283,4045,366925,131251,119056,1380,230275,1709,102.06,67.0
Madhya Pradesh,Barwani,21.702135714285724,74.91004719710673,441,1385881,699340,686541,549926,157337,1158,181139,48912,30115,3102,224957,24931,67109,7002,102717,1336,98.17,40.0
Madhya Pradesh,Betul,21.964626315789477,77.7873428189117,447,1575362,799236,776126,939769,239114,2109,230974,87704,45270,5740,284681,62320,96819,1444,178031,1845,97.11,60.0
Madhya Pradesh,Bhind,26.35951126187245,78.7618324287653,420,1703005,926843,776162,1094917,202629,1166,107819,88385,32268,4463,288622,30350,77185,41,126610,1786,83.74,64.0
Madhya Pradesh,Bhopal,23.480726143790854,77.39246623093679,444,2371061,1236130,1134931,1660690,229082,40788,452912,581826,281442,60383,357177,12209,81968,514,282108,4298,91.81,70.0
Madhya Pradesh,Burhanpur,21.364567254408065,76.24460478589425,467,757847,388504,369343,408679,107547,986,112420,62861,40478,2142,124087,12474,28000,2583,72437,989,95.07,54.0
Madhya Pradesh,Chhatarpur,24.813637376460004,79.56449299191374,425,1762375,936121,826254,943033,270951,1880,176056,95048,36506,6206,354948,138505,137637,951,169728,1947,88.26,54.0
Madhya Pradesh,Chhindwara,22.227966971713823,78.76413136439254,455,2090922,1064468,1026454,1294198,284113,3588,344875,140802,73284,8235,376356,97835,134349,2922,244209,2513,96.43,62.0
Madhya Pradesh,Damoh,23.76624407960196,79.47049303482588,428,1264219,661873,602346,747715,197917,1432,187731,66514,23270,3031,283661,90846,133080,11217,168849,1359,91.01,59.0
Madhya Pradesh,Datia,25.90226439560441,78.63916571428574,422,786754,420157,366597,491445,132176,616,97696,43401,17555,2897,153252,23591,42499,204,82921,951,87.25,62.0
Madhya Pradesh,Dewas,22.7851110021322,76.46088805970157,437,1563715,805359,758356,925369,242508,3518,270457,101014,59521,9017,278354,37736,83175,959,160739,1899,94.16,59.0
Madhya Pradesh,Dhar,22.572681718963157,75.1105620736698,438,2185793,1112725,1073068,1077338,262090,2388,349639,103364,75637,8080,378227,55563,158954,7340,209444,2470,96.44,49.0
Madhya Pradesh,Dindori,22.83738437047757,81.04332966714911,453,704524,351913,352611,378714,103002,554,62372,9774,4576,1291,162879,54204,87072,4165,96460,652,100.2,54.0
Madhya Pradesh,Guna,24.49043927178156,77.2235895968791,458,1241519,649362,592157,653980,197902,2482,144248,72320,34184,5968,224082,45758,77332,1667,119065,1302,91.19,53.0
Madhya Pradesh,Gwalior,26.04074441964285,78.12782433035713,421,2032036,1090327,941709,1357210,235648,15779,306859,272172,165061,21313,316586,13890,61468,517,188922,2830,86.37,67.0
Madhya Pradesh,Harda,22.227659781121783,77.07022571819435,448,570465,294838,275627,352550,90059,986,95066,31845,22174,3556,99039,19236,26483,887,56810,619,93.48,62.0
Madhya Pradesh,Hoshangabad,22.595268801996703,78.02168094841929,449,1241350,648725,592625,810644,159703,2871,198076,105746,61415,7335,217340,33257,42102,809,137955,1535,91.35,65.0
Madhya Pradesh,Indore,22.680265752128648,75.9133801324502,439,3276697,1699627,1577070,2309130,428413,48691,593576,587947,417170,64865,457287,8609,111910,590,347858,5783,92.79,70.0
Madhya Pradesh,Jabalpur,23.18525572327043,79.98328754716981,451,2463289,1277278,1186011,1756468,267932,20443,452023,352477,192581,26487,434882,24053,114859,2047,309266,3776,92.85,71.0
Madhya Pradesh,Jhabua,22.419578015397768,74.40921616766468,464,1025048,515023,510025,352081,98308,744,125411,24713,16683,2215,197972,26754,88904,5220,88532,1612,99.03,34.0
Madhya Pradesh,Katni,23.724416229116937,80.33819665871127,450,1292042,662013,630029,790773,198447,2179,172416,72880,38086,3958,268593,42084,81858,946,158431,1476,95.17,61.0
Madhya Pradesh,Mandla,22.70348712446353,80.38600543633753,454,1054905,525272,529633,604962,156711,912,143803,37258,18413,2246,232935,79381,118527,5528,147190,1043,100.83,57.0
Madhya Pradesh,Mandsaur,24.19278764044944,75.43588667736759,433,1340411,682851,657560,834591,244891,2324,239885,81832,47723,5435,261639,94468,94307,119,158569,1475,96.3,62.0
Madhya Pradesh,Morena,26.37313504531724,77.88447341389724,419,1965970,1068417,897553,1179685,288979,1781,131486,95288,45113,5829,346829,30360,76634,588,166295,1924,84.01,60.0
Madhya Pradesh,Neemuch,24.70311893333336,75.06608186666664,432,826067,422653,403414,508834,137656,1945,145258,67962,34666,4498,157683,43496,51390,78,97561,1026,95.45,62.0
Madhya Pradesh,Panna,24.451325840092657,80.21133001158752,426,1016520,533480,483040,552559,171707,653,76097,32179,13285,2219,226597,68429,88998,6923,119049,1034,90.55,54.0
Madhya Pradesh,Raisen,23.292518206521724,78.16305495923909,446,1331597,700358,631239,820220,237981,1141,194373,74441,34499,6017,248660,28122,87256,945,143773,1460,90.13,62.0
Madhya Pradesh,Rajgarh,23.785499026425583,76.66431223922116,442,1545814,790212,755602,804245,239738,1611,231130,69823,30688,4185,324899,115278,156011,1199,182265,1629,95.62,52.0
Madhya Pradesh,Ratlam,23.503562290502792,75.14895782122909,434,1455069,738241,716828,825880,224715,3644,213825,107151,67830,5757,265828,39812,101787,3313,154724,1700,97.1,57.0
Madhya Pradesh,Rewa,24.861184625158856,81.57572465057183,430,2365106,1225100,1140006,1441757,344362,3406,251132,94489,45180,11833,524701,91054,197095,2050,266104,2756,93.05,61.0
Madhya Pradesh,Sagar,23.800318709677374,78.71940357771273,427,2378458,1256257,1122201,1545719,347752,4546,366494,165507,68482,11291,466797,150692,160286,1492,272006,2771,89.33,65.0
Madhya Pradesh,Satna,24.62777621776502,80.75547048710598,429,2228935,1157495,1071440,1371781,338947,3754,294702,114173,55196,9401,455270,69812,142270,1046,242126,2641,92.57,62.0
Madhya Pradesh,Sehore,22.9297199679658,77.06780202883085,445,1311332,683743,627589,780362,193885,1566,212138,59220,30868,6041,235670,45152,55177,1371,126997,1442,91.79,60.0
Madhya Pradesh,Seoni,22.33230487804874,79.66053863928111,456,1379131,695879,683252,864194,223650,1182,228695,47542,26893,4048,284384,87938,109496,1290,180853,1369,98.19,63.0
Madhya Pradesh,Shahdol,23.44859864559819,81.4596831828442,460,1066063,540021,526042,604194,161972,1733,113184,57846,24255,3819,232450,94914,65731,1849,132438,1302,97.41,57.0
Madhya Pradesh,Shajapur,23.566620317220547,76.33555181268885,436,1512681,780520,732161,894612,271215,1382,232735,73997,32204,4200,281671,68173,117832,447,152577,1647,93.8,59.0
Madhya Pradesh,Sheopur,25.78014810996563,77.16911116838484,418,687861,361784,326077,328025,90911,273,74770,26376,11701,1634,138428,10239,48714,1562,72633,693,90.13,48.0
Madhya Pradesh,Shivpuri,25.37802451874367,77.74861600810549,423,1726050,919795,806255,900846,261087,1852,148128,66759,35706,5417,341253,99670,137164,566,177114,1827,87.66,52.0
Madhya Pradesh,Sidhi,24.17547189952905,82.1053783359498,462,1127033,575912,551121,600785,185550,837,102228,25916,9569,3320,231540,64000,90105,2641,109754,3019,95.7,53.0
Madhya Pradesh,Tikamgarh,25.14099852104666,78.89357064846428,424,1445166,760355,684811,747940,202448,1090,132725,60220,21489,4139,292003,118683,132858,66,152296,1591,90.06,52.0
Madhya Pradesh,Ujjain,23.319288862745065,75.80383717647058,435,1986864,1016289,970575,1240990,286534,7501,323379,188684,123526,12167,338261,38135,112781,414,203426,2599,95.5,62.0
Madhya Pradesh,Umaria,23.59601063063061,80.90879477477475,431,644758,330674,314084,356672,90791,839,67975,29966,12713,1873,134416,52657,42395,1837,76556,692,94.98,55.0
Madhya Pradesh,Vidisha,23.82838307984792,77.9013507604563,443,1458875,769568,689307,862918,242021,1926,181510,83830,41617,5682,275519,37354,69081,771,149467,1583,89.57,59.0
Maharashtra,Akola,20.746310479041902,77.12122320359276,501,1813906,932334,881572,1411281,231841,6163,314490,196077,107463,9037,339748,27953,72003,1494,234221,3948,94.56,78.0
Maharashtra,Amravati,21.16520991810736,77.67583503184723,503,2888445,1480768,1407677,2251875,326195,9438,512492,272894,175917,15285,569476,43570,82305,517,398987,6236,95.06,78.0
Maharashtra,Aurangabad,20.0979228832952,75.32072196796334,235,2540073,1318684,1221389,1466002,559512,2362,44456,49006,24106,7145,377134,12987,38179,221,137515,2215,92.62,58.0
Maharashtra,Aurangabad,20.0979228832952,75.32072196796334,515,3701282,1924469,1776813,2503837,381695,23258,589477,427343,246324,33322,580691,136042,116410,1840,415993,8119,92.33,68.0
Maharashtra,Bhandara,21.211792649727748,80.10950199637024,506,1200334,605520,594814,899860,115150,2932,227025,72575,55948,5184,243836,53482,56000,333,180328,2237,98.23,75.0
Maharashtra,Bid,18.952353340080982,75.69319706477731,523,2585049,1349106,1235943,1718507,309704,5614,402052,135457,82098,12836,492304,104531,122888,3311,296136,4179,91.61,66.0
Maharashtra,Buldana,20.56680611183355,76.39017880364096,500,2586258,1337560,1248698,1879874,315408,4767,423036,152787,103898,10034,496630,113493,127173,1216,321880,4421,93.36,73.0
Maharashtra,Chandrapur,20.095609090909075,79.31556380471388,509,2204307,1123834,1080473,1578615,243773,8239,418666,233331,172661,12746,440367,93300,118279,1009,352330,5085,96.14,72.0
Maharashtra,Dhule,21.274018690400517,74.58719071837263,498,2050862,1054031,996831,1293916,200494,6065,315332,146013,126138,10912,344482,22861,36121,753,217726,3583,94.57,63.0
Maharashtra,Gondiya,21.225008411214997,80.17522698598128,507,1322507,661554,660953,1004243,138457,2866,239981,66813,38044,5074,266154,76525,61648,79,178543,2183,99.91,76.0
Maharashtra,Hingoli,19.59525302245251,77.09239412780653,512,1177345,606294,571051,790743,175736,1221,159114,41913,27700,3833,209663,43819,57492,645,120315,1853,94.19,67.0
Maharashtra,Jalgaon,20.8828943415638,75.55140421810695,499,4229917,2197365,2032552,2891882,482462,14297,720791,373565,350029,19560,724904,32746,78982,1439,512687,7988,92.5,68.0
Maharashtra,Jalna,19.984612534818933,75.98473607242339,514,1959046,1011473,947573,1195523,271061,3791,288895,98084,60219,8400,348751,98790,99928,1471,205666,3363,93.68,61.0
Maharashtra,Kolhapur,16.44881301587301,74.12897150793648,530,3876001,1980658,1895343,2825845,321457,22269,770005,382818,340318,49081,699588,33730,48936,2727,502014,8464,95.69,73.0
Maharashtra,Latur,18.348687268993856,76.75812607802874,524,2454196,1273140,1181056,1650672,268627,6217,381722,157016,96018,13150,421140,47969,84717,647,257585,4574,92.77,67.0
Maharashtra,Nagpur,21.196556862745105,79.02166176470584,505,4653570,2384975,2268595,3673808,325084,57964,917626,877522,599780,71592,770480,76380,79272,284,647880,14073,95.12,79.0
Maharashtra,Nanded,19.209316983017,77.6829048951049,511,3361292,1730075,1631217,2189425,416869,7548,488748,230563,116284,12341,579750,92893,167950,1558,365093,6214,94.29,65.0
Maharashtra,Nandurbar,21.523175625248147,74.32638757443429,497,1648295,833170,815125,906509,166664,2579,186202,71572,54335,6135,292483,16755,50913,6832,163042,2446,97.83,55.0
Maharashtra,Nashik,20.266912871287143,74.03824168316828,516,6107187,3157186,2950001,4345366,544346,45039,904710,764271,536781,79590,934281,278657,150754,5860,662495,13629,93.44,71.0
Maharashtra,Osmanabad,18.19459456066944,75.99495575313809,525,1657576,861535,796041,1137810,183972,3209,240042,77832,49180,7974,316237,29560,66841,929,190464,2786,92.4,69.0
Maharashtra,Parbhani,19.31032425249168,76.70163338870431,513,1836086,942870,893216,1157814,229217,3982,272486,133759,59272,6973,325984,45702,80436,2418,189010,3410,94.73,63.0
Maharashtra,Pune,18.51696171428573,74.12922881632647,521,9429408,4924105,4505303,7171723,559840,235018,1925019,2056739,1410448,273326,1382496,168164,133498,6905,1286031,27223,91.49,76.0
Maharashtra,Raigarh,18.453257637845976,73.0090609418579,403,1493984,750278,743706,951639,246480,3342,297308,66638,27771,5979,331942,29740,83047,2129,200941,1575,99.12,64.0
Maharashtra,Raigarh,18.453257637845976,73.0090609418579,520,2634200,1344345,1289855,1939994,231263,38570,547206,377160,328277,43536,463109,61663,73768,4337,362797,6097,95.95,74.0
Maharashtra,Ratnagiri,17.210195070127703,73.25725893866404,528,1615069,761121,853948,1199392,163025,7752,367352,100824,100860,15191,346267,76316,64348,4400,212475,3484,112.2,74.0
Maharashtra,Sangli,17.154930181086502,74.70713822937628,531,2822143,1435728,1386415,2049467,208511,13212,485126,226801,227034,29515,498771,74738,65893,2577,331678,5798,96.57,73.0
Maharashtra,Satara,17.6737908974359,74.18052064102558,527,3003741,1510842,1492899,2225694,288427,14093,562653,200949,271186,36046,550485,57989,54823,1780,359607,5649,98.81,74.0
Maharashtra,Sindhudurg,16.170948049777163,73.51329008172343,529,849651,417332,432319,666067,86480,3517,194228,44989,42540,9264,181960,97574,31664,677,114147,1749,103.59,78.0
Maharashtra,Solapur,17.837357937584812,75.42394823609216,526,4317756,2227852,2089904,2910676,390337,15145,595560,376302,248255,28219,723697,140885,125356,7892,469237,8995,93.81,67.0
Maharashtra,Thane,19.698767747440264,72.79882742564581,517,11060148,5865078,5195070,8227161,712171,256170,2231800,2904157,1610460,172210,1758319,168043,192508,8846,1535929,35118,88.58,74.0
Maharashtra,Wardha,20.80743024390242,78.57259105691062,504,1300774,668385,632389,1019458,140470,4313,266155,120218,114029,6970,263170,43788,35608,244,201617,2754,94.61,78.0
Maharashtra,Washim,20.282282394366213,77.25502394366208,502,1197160,620302,576858,869917,166509,1875,196022,55921,36840,3623,240347,87105,83047,255,151658,1942,93.0,73.0
Maharashtra,Yavatmal,20.04258346738159,78.05326371760479,510,2772348,1419965,1352383,2022574,391944,6094,446516,168889,134500,12132,575266,159344,174880,2278,403805,4937,95.24,73.0
Manipur,Bishnupur,24.50712111801243,93.8246236024845,275,237399,118782,118617,156333,15941,676,34364,21172,11393,2009,43516,245,18932,2332,24938,226,99.86,66.0
Manipur,Chandel,24.2635812987013,94.09443844155844,280,144182,74579,69603,90302,17382,184,18764,3783,1424,908,27448,2150,14509,8700,15386,250,93.33,63.0
Manipur,Churachandpur,24.30309718875504,93.38671506024085,274,274143,138820,135323,195935,32860,837,29894,4853,13371,1807,42769,5334,15364,7192,22736,327,97.48,71.0
Manipur,Senapati,25.08465586034914,94.03366234413956,272,479148,247323,231825,264477,46757,256,22798,1826,2430,827,33051,2708,9067,3547,16797,823,93.73,55.0
Manipur,Tamenglong,24.98312942238265,93.49450740072204,273,140651,72371,68280,85006,11155,125,11541,4119,1229,495,23804,1827,9740,2385,11219,90,94.35,60.0
Manipur,Thoubal,24.545392553191498,93.97959893617023,276,422168,210845,211323,269304,32396,880,49507,38302,15994,3141,83390,1242,35984,24067,49873,539,100.23,64.0
Manipur,Ukhrul,25.05900314960629,94.44129566929138,279,183998,94718,89280,129829,20670,276,14026,5806,1659,1107,32455,1525,11755,557,15806,79,94.26,71.0
Meghalaya,East Garo Hills,25.82728228228228,90.64684924924916,294,317917,161223,156694,192147,51578,288,24550,11518,1839,1167,54960,22324,13435,876,26346,450,97.19,60.0
Meghalaya,East Khasi Hills,25.303763888888884,91.75922519841272,298,825922,410749,415173,578030,118135,5032,135941,108843,41496,15048,93999,9885,38742,2733,76900,1456,101.08,70.0
Meghalaya,Jaintia Hills,25.33959557069844,92.37608160136298,299,395124,196285,198839,187527,67749,510,41677,7171,7150,4790,57268,9355,26582,1416,23935,528,101.3,47.0
Meghalaya,South Garo Hills,25.240568578553614,90.64560349127176,295,142334,73170,69164,82062,25906,179,10940,3713,482,695,22964,2859,10414,2404,9858,139,94.53,58.0
Meghalaya,West Garo Hills,25.495285185185185,90.03709947089942,293,643291,324159,319132,358702,85733,1630,51301,18594,10006,3589,113504,36282,42348,3088,58500,791,98.45,56.0
Meghalaya,West Khasi Hills,25.500889926739926,91.25364542124538,296,383461,193715,189746,230678,80318,149,32873,12299,476,1683,59459,12147,26071,1847,24288,479,97.95,60.0
Mizoram,Aizawl,23.90781335453101,92.85359459459472,283,400309,199270,201039,340595,29332,4019,79804,80341,64710,9581,40704,1798,11195,1062,43041,963,100.89,85.0
Mizoram,Champhai,23.54166580976866,93.24221799485862,284,125745,63388,62357,100802,14491,186,23948,12717,9115,1237,19196,839,6854,343,12517,187,98.37,80.0
Mizoram,Kolasib,24.2020004347826,92.73470391304348,282,83955,42918,41037,65895,11367,367,14853,12507,8787,867,11439,720,3248,1581,8927,142,95.62,78.0
Mizoram,Lawngtlai,22.36102843137253,92.66964156862753,287,117894,60599,57295,62861,19890,162,9283,5273,5213,631,19088,722,10250,7462,11321,242,94.55,53.0
Mizoram,Lunglei,23.007717036172675,92.63512555425892,286,161428,82891,78537,121122,22181,482,26394,17315,14037,1982,24286,409,7341,3404,16569,274,94.75,75.0
Mizoram,Mamit,23.73852942502819,92.4330803833147,281,86364,44828,41536,60191,9328,90,12158,4129,4010,565,13786,508,4368,2369,8670,94,92.66,70.0
Mizoram,Saiha,22.35744801061008,93.02827931034489,288,56574,28594,27980,42233,8422,168,7400,5784,4783,507,7767,921,3834,633,4996,88,97.85,75.0
Mizoram,Serchhip,23.263864705882344,92.914158496732,285,64937,32851,32086,54476,8771,131,12315,8018,5511,702,9272,142,1949,186,5948,118,97.67,84.0
Nagaland,Dimapur,25.814176811594223,93.75074057971014,265,378811,197394,181417,278037,34539,3303,71413,62853,42378,10008,36263,27068,7626,1033,40012,866,91.91,73.0
Nagaland,Kohima,25.60311428571428,93.78600657596373,270,267988,138966,129022,197489,21654,1928,50724,44255,20712,8428,30993,7386,16008,642,22915,677,92.84,74.0
Nagaland,Mokokchung,26.478911764705888,94.522426006192,262,194622,101092,93530,159494,20259,537,40154,17742,7236,3805,31404,4046,10763,1162,21336,346,92.52,82.0
Nagaland,Mon,26.69207374301676,95.03072988826828,261,250260,131753,118507,119626,37431,178,14398,7415,1080,1007,36498,8701,14617,1610,13754,381,89.95,48.0
Nagaland,Phek,25.63272986577182,94.56814563758392,266,163418,83743,79675,105893,22494,170,36182,7295,2073,1780,30943,1364,7420,119,16854,219,95.14,65.0
Nagaland,Tuensang,26.21104453280316,94.85809880715708,267,196596,101933,94663,117511,29602,155,24998,9451,773,1063,33861,5921,12540,296,15138,228,92.87,60.0
Nagaland,Wokha,26.202611551155112,94.1990815181518,264,166343,84505,81838,128208,15865,198,25268,8170,3228,1592,28312,10151,16317,1542,13080,359,96.84,77.0
Nagaland,Zunheboto,26.028178205128206,94.50026666666668,263,140757,71217,69540,102881,16523,261,28846,6044,1433,2258,25713,3079,9239,110,12086,275,97.65,73.0
Orissa,Baleshwar,21.48570932311624,87.08085828011933,377,2320529,1185787,1134742,1621232,342192,7370,296834,82440,36478,8591,502635,12110,158129,3098,332079,2664,95.7,70.0
Orissa,Bhadrak,20.95262735257214,86.81496204516931,378,1506337,760260,746077,1094140,210736,2637,164636,54244,15864,3670,296688,3606,93597,846,172525,1711,98.13,73.0
Orissa,Cuttack,20.407640646029623,85.7776810228802,381,2624470,1352760,1271710,2011469,289414,15046,349587,210768,103177,15494,494043,113881,140767,4366,358552,3852,94.01,77.0
Orissa,Dhenkanal,20.79887159353349,85.53226836027711,383,1192811,612593,580218,829910,188872,1810,117172,36979,19846,3533,263641,136741,127786,9934,176751,1334,94.72,70.0
Orissa,Gajapati,19.121080882352945,84.14015091911759,389,577817,282882,294935,262537,68405,635,63112,23050,12035,656,119272,38840,47598,3098,69329,617,104.26,45.0
Orissa,Ganjam,19.2632617564534,84.80297710437702,388,3529031,1779218,1749813,2210050,518072,9049,405298,219918,120191,9066,672524,182877,255386,17577,429102,4377,98.35,63.0
Orissa,Jharsuguda,21.827058566978184,83.93581682242987,371,579505,296690,282815,405879,69122,2498,81433,73962,18950,3966,107762,27417,42897,435,81687,870,95.32,70.0
Orissa,Kalahandi,19.784253092783523,83.1124043814433,395,1576869,787101,789768,802036,213426,1953,91171,38412,17610,3547,382053,27010,161883,10592,238726,1562,100.34,51.0
Orissa,Kandhamal,20.092878624813142,84.02216352765326,390,733110,359945,373165,399786,108606,768,28736,24489,6938,1278,156795,72948,82502,4276,92241,739,103.67,55.0
Orissa,Kendrapara,20.606319815982264,86.83763247572003,379,1440361,717814,722547,1089265,218444,1628,173107,23494,15879,2686,318778,19468,130226,2531,196212,1540,100.66,76.0
Orissa,Khordha,20.054162322274863,85.52234834123229,386,2251673,1167137,1084536,1749936,276378,35701,349860,356895,160277,33514,361364,139440,109546,1916,306708,4186,92.92,78.0
Orissa,Koraput,18.82627794779476,82.81278469846964,398,1379647,678809,700838,568090,158847,3988,85766,78339,39631,6922,294487,34361,119374,7286,183550,1519,103.25,41.0
Orissa,Malkangiri,18.25227930367506,81.98293636363628,399,613192,303624,309568,244706,60913,448,24604,15839,4738,820,128850,5834,50855,1826,76786,564,101.96,40.0
Orissa,Mayurbhanj,21.897621545157754,86.4030408052231,376,2519738,1256213,1263525,1369397,283489,2950,140189,64479,29031,6279,559038,203853,254494,14014,341257,2747,100.58,54.0
Orissa,Nayagarh,20.192895622119817,85.05614700460825,385,962789,502636,460153,688362,174904,1163,124984,26688,11159,2270,219723,74303,71861,3326,151006,984,91.55,71.0
Orissa,Nuapada,20.471309512195116,82.59152536585364,394,610382,301962,308420,299383,64389,757,43976,11869,6414,1346,152129,11382,61742,5110,94057,205,102.14,49.0
Orissa,Puri,19.83509174603177,85.86698989898981,387,1698730,865380,833350,1291939,251520,3416,201605,72210,33331,4693,343935,25719,126862,9700,231885,2027,96.3,76.0
Orissa,Rayagada,19.292840020060204,83.45860120361095,396,967911,471960,495951,407735,84956,1553,61543,49205,24924,2090,201492,12832,74441,4451,124357,1074,105.08,42.0
Orissa,Sambalpur,21.515752380952385,84.34958483245157,372,1041099,526877,514222,703691,133005,5231,126498,94798,33612,5946,212516,39884,75332,3968,152584,1548,97.6,68.0
Orissa,Sundargarh,22.06354819277107,84.50524819277099,374,2093437,1061147,1032290,1342322,208100,12787,223537,230151,77581,14641,356607,83919,162829,5288,278223,3130,97.28,64.0
Puducherry,Karaikal,10.876161726078813,79.82369793621002,637,200222,97809,102413,154916,18943,1868,47880,33715,28366,2550,33788,81,1322,3,33606,4890,104.71,77.0
Puducherry,Mahe,12.006420793787758,75.28275021570326,636,41816,19143,22673,36470,2948,574,7150,12110,3632,858,6569,5224,51,3,3559,10027,118.44,87.0
Puducherry,Yanam,16.707695652173904,82.26187304347832,634,55626,27301,28325,39274,3804,207,12859,15519,10399,226,6947,1,298,2,9821,10027,103.75,71.0
Punjab,Amritsar,31.548679820627772,74.79883856502238,49,2490656,1318408,1172248,1684770,197944,29961,461231,385476,279993,56185,430041,291,6683,255,276797,6979,88.91,68.0
Punjab,Bathinda,30.190524611973352,75.05685898004438,46,1388525,743197,645328,844868,117795,11284,255650,137563,118427,36173,235988,320,15026,1530,152743,3365,86.83,61.0
Punjab,Faridkot,30.591187250996025,74.79751553784862,45,617508,326671,290837,381285,53734,4348,113549,58917,62103,15528,109071,81,11526,1163,67572,1540,89.03,62.0
Punjab,Fatehgarh Sahib,30.64290947368421,76.36208394736842,40,600163,320795,279368,426033,51897,5138,113683,57337,64037,18239,101426,81,2399,75,65329,1640,87.09,71.0
Punjab,Firozpur,30.63407535211269,74.40245732394365,43,2029074,1071637,957437,1227511,196971,10042,349662,153868,141899,37105,344538,602,32378,3947,209891,4283,89.34,60.0
Punjab,Gurdaspur,32.04283371212125,75.3204064393939,35,2298323,1212617,1085706,1634719,180897,14428,411216,185488,244468,32484,409745,1572,7052,347,247200,5982,89.53,71.0
Punjab,Hoshiarpur,31.55157169811319,75.8469857442349,38,1586625,809057,777568,1199699,143871,13747,319930,128592,201675,33720,303081,1721,13080,125,198627,4305,96.11,76.0
Punjab,Jalandhar,31.250336907216507,75.54400350515463,37,2193590,1145211,1048379,1622537,183441,39082,446200,377791,299449,72374,378807,280,9274,113,273097,6883,91.54,74.0
Punjab,Kapurthala,31.336592638036837,75.47641165644177,36,815168,426311,388857,576567,71698,9732,161206,95770,110555,23561,141816,85,4941,119,96950,2472,91.21,71.0
Punjab,Ludhiana,30.76596397379912,75.83110851528383,41,3498739,1867816,1630923,2560225,277247,58589,703624,641789,488757,120172,570487,559,11905,310,417697,10593,87.32,73.0
Punjab,Mansa,29.919547714285724,75.4304922857143,47,769751,408732,361019,423560,75708,2673,140099,50786,39414,12805,140422,93,15831,1205,83497,1694,88.33,55.0
Punjab,Moga,30.756540067340065,75.1600845117845,42,995746,525920,469826,627889,98764,7897,183396,74144,89445,26253,178205,185,13867,209,106380,2774,89.33,63.0
Punjab,Muktsar,30.31243303303303,74.5518747747748,44,901896,475622,426274,524848,90240,4571,166585,74650,76441,23185,159581,187,19488,1632,97967,2025,89.62,58.0
Punjab,Patiala,30.214540380693364,76.27505893949697,48,1895686,1002522,893164,1266791,173890,24274,352929,218090,209192,57008,325608,361,15679,213,212045,5679,89.09,67.0
Punjab,Rupnagar,30.910937330754347,76.53743500967126,51,684627,357485,327142,502731,53005,6600,129123,60537,67749,17248,114943,3524,7390,218,76248,2034,91.51,73.0
Punjab,Sangrur,30.185045204336895,75.89437014178496,53,1655169,878029,777140,1002077,163251,10736,305557,156788,135280,35264,294479,275,16526,321,175723,3943,88.51,61.0
Rajasthan,Ajmer,26.199300378787903,74.6990419191919,119,2583052,1324085,1258967,1526673,379043,13499,393498,274919,171799,24509,437083,54856,139149,324,230721,4339,95.08,59.0
Rajasthan,Alwar,27.55271738035265,76.65359630562563,104,3674179,1939026,1735153,2182476,492781,9750,485723,212967,123478,30207,595153,40306,152904,169,288169,5732,89.49,59.0
Rajasthan,Banswara,23.453642032967014,74.44246868131869,125,1797485,907754,889731,829343,240067,2324,120603,39407,34189,5287,352341,57089,162290,4482,192481,2734,98.01,46.0
Rajasthan,Baran,24.98023243243244,76.86210651828291,128,1222755,633945,588810,693307,203489,1363,161310,69804,32685,5741,223828,19620,64349,463,120591,1741,92.88,57.0
Rajasthan,Barmer,25.77070908045978,71.50297126436782,115,2603751,1369022,1234729,1188322,406804,2766,126494,55980,39580,27009,436661,50702,177723,614,180122,3437,90.19,46.0
Rajasthan,Bharatpur,27.32411858037578,77.21752077244258,105,2548462,1355726,1192736,1480869,363676,4179,288723,129697,61113,10349,411145,101271,173203,92,174085,3699,87.98,58.0
Rajasthan,Bhilwara,25.45119767759564,74.63947595628417,122,2408523,1220736,1187787,1256126,398993,6207,373644,145865,93768,17508,450389,72387,156336,356,239919,3694,97.3,52.0
Rajasthan,Bikaner,28.12489068322981,73.26943322981371,101,2363937,1240801,1123136,1278801,410155,7607,220793,196179,108812,17113,349733,2717,81963,32076,152709,3411,90.52,54.0
Rajasthan,Bundi,25.48580716049379,75.79984074074079,121,1110906,577160,533746,585044,153500,1392,136969,63452,33406,5787,202701,10391,51454,436,110344,1723,92.48,53.0
Rajasthan,Chittaurgarh,24.631623761665463,74.80010997846382,126,1544338,783171,761167,821825,245603,4941,268172,88873,59190,11261,293931,12138,79585,431,171060,3238,97.19,53.0
Rajasthan,Churu,28.29330375536484,74.65846427038629,102,2039547,1051446,988101,1149269,336671,2577,231696,148996,74197,9938,338115,9512,62808,278,157157,3361,93.98,56.0
Rajasthan,Dausa,26.91234817629181,76.57342097264443,109,1634409,857787,776622,938051,229035,1719,195277,59610,35600,6664,284497,25416,79601,69,129560,2286,90.54,57.0
Rajasthan,Dhaulpur,26.72397054945053,77.74476219780222,106,1206516,653647,552869,683098,207566,1330,96086,58626,24561,3614,195242,25201,50809,197,78118,1641,84.58,57.0
Rajasthan,Dungarpur,23.75104807692308,73.84765641025645,124,1388552,696532,692020,681591,238847,1477,141275,31547,26351,4385,273174,48397,121541,2333,145073,2030,99.35,49.0
Rajasthan,Ganganagar,29.256785412667963,73.56192303262948,99,1969168,1043340,925828,1193343,237042,6295,283142,164897,88543,21515,330298,5249,35256,28054,205706,3332,88.74,61.0
Rajasthan,Hanumangarh,29.1813351791531,74.74632573289902,100,1774692,931184,843508,1034136,239601,3360,243163,108694,55515,16537,306363,1005,35887,13223,177261,2709,90.58,58.0
Rajasthan,Jaipur,27.033459290187885,75.77117286012533,110,6626178,3468507,3157671,4300965,819004,76565,990085,977838,570997,142866,1001457,32079,162499,1608,557723,12219,91.04,65.0
Rajasthan,Jaisalmer,26.86900838548185,71.18371877346682,114,669919,361708,308211,308653,109484,754,43141,30830,12431,5218,107832,5029,38477,5542,45064,986,85.21,46.0
Rajasthan,Jalor,25.07578093797277,72.18647261724662,116,1828730,936634,892096,829582,270997,1585,161845,48202,39745,12367,315704,39607,92297,2654,133261,2470,95.24,45.0
Rajasthan,Jhalawar,24.24725541474657,76.11242891705065,129,1411129,725143,685986,739792,226614,1750,220428,63763,38909,5385,263801,65833,89308,350,145806,1962,94.6,52.0
Rajasthan,Jhunjhunun,28.13517401247401,75.52840893970894,103,2137045,1095896,1041149,1370360,296093,4828,297559,150357,131987,15861,371091,17774,49410,110,189011,3300,95.0,64.0
Rajasthan,Jodhpur,26.678460838536967,73.00450847457628,113,3687165,1923928,1763237,2031532,497762,19335,408808,307442,197135,40768,574887,5894,151118,1945,279280,5708,91.65,55.0
Rajasthan,Karauli,26.51901555555556,76.96081818181815,107,1458248,783639,674609,805849,220644,1059,132079,59308,28296,3820,256601,47230,98722,108,113609,1987,86.09,55.0
Rajasthan,Kota,25.175718080000014,76.18618928000001,127,1951014,1021161,929853,1298345,286676,12843,339899,311735,165563,24848,300393,4748,45799,524,205204,3394,91.06,67.0
Rajasthan,Nagaur,27.07862016048146,74.14215667001012,112,3307743,1696325,1611418,1758624,513871,4449,347344,166489,97267,26150,562803,43217,158183,346,256563,4863,94.99,53.0
Rajasthan,Pali,25.80490393541874,73.55285640766907,118,2037573,1025422,1012151,1085693,293818,4043,326793,139808,94821,14175,396294,52682,106055,465,194781,3317,98.71,53.0
Rajasthan,Rajsamand,25.24894767441859,73.96570215946844,123,1156597,581339,575258,619139,190090,1989,193276,61054,36073,7060,229656,45811,71135,116,114960,1821,98.95,54.0
Rajasthan,Sawai Madhopur,26.251081180223288,76.4219283891548,108,1335551,704031,631520,741748,205450,1887,140947,71264,40116,4398,243362,43743,85519,229,118651,1900,89.7,56.0
Rajasthan,Sikar,27.64644058641976,75.29317422839503,111,2677333,1374990,1302343,1652117,369959,5647,339457,178274,131342,22494,434072,18835,62393,146,192243,4033,94.72,62.0
Rajasthan,Sirohi,24.7976905263158,72.75309131578943,117,1036346,534231,502115,476806,117971,2146,134089,69639,47182,6343,184197,29684,50616,307,95045,1621,93.99,46.0
Rajasthan,Tonk,26.153935071707927,75.79192216427637,120,1421326,728136,693190,749659,237191,1908,158264,81755,32359,6295,258120,33020,90422,353,127103,2145,95.2,53.0
Rajasthan,Udaipur,24.44076752136749,73.84029839743584,130,3068420,1566801,1501619,1582629,442946,14211,357846,182769,128320,27979,575790,143281,225746,5782,311221,5101,95.84,52.0
Sikkim,East,27.29600352941175,88.74908392156858,93,1709346,907500,801846,1352998,86484,80037,352758,461132,327253,87499,241976,33,4205,7,209378,7151,88.36,79.0
Tamil Nadu,Ariyalur,11.190514836795256,79.22249643916912,616,754894,374703,380191,480604,60697,1749,177502,30322,39642,2937,181005,7201,12471,275,125800,1258,101.46,64.0
Tamil Nadu,Chennai,13.058098905608748,80.28139151846806,603,4646732,2335844,2310888,3776276,167207,217368,1096334,1314125,910262,146388,522493,3500,16519,49,798018,15742,98.93,81.0
Tamil Nadu,Coimbatore,10.871376995940452,77.07619012178621,632,3458045,1729297,1728748,2635907,220388,63273,896325,884957,675153,87211,561733,14470,36623,1164,668312,13938,99.97,76.0
Tamil Nadu,Cuddalore,11.57587300613498,79.63002365371497,617,2605914,1311697,1294217,1815281,169844,15396,598412,260780,244610,19828,526657,8151,35499,464,431186,5300,98.67,70.0
Tamil Nadu,Dharmapuri,12.300141200000006,78.11509813333339,630,1506843,774303,732540,917709,129778,3651,337972,91107,104785,5843,344702,59989,61589,939,252941,2364,94.61,61.0
Tamil Nadu,Dindigul,10.377801390820574,77.78011279554937,612,2159775,1080938,1078837,1481834,207751,9155,500057,269724,209640,15538,445908,21095,41028,1758,375642,4682,99.81,69.0
Tamil Nadu,Erode,11.267012155963302,77.42034334862392,610,2251744,1129868,1121876,1492662,175017,18604,595211,432398,371015,33405,466373,35671,31483,5672,434027,7719,99.29,66.0
Tamil Nadu,Kancheepuram,12.496424756511884,80.08820360135913,604,3998252,2012958,1985294,3013382,183054,100322,961161,774705,622095,68427,700252,39231,61890,1411,701330,8349,98.63,75.0
Tamil Nadu,Kanniyakumari,8.183466300191206,77.32053064053538,629,1870374,926345,944029,1548738,134236,15673,465692,493788,199188,21577,420282,65425,39419,1315,348564,4377,101.91,83.0
Tamil Nadu,Karur,10.79532776617955,78.08749686847604,613,1064493,528184,536309,727044,76629,4915,264949,152420,135831,10648,221047,7098,13834,683,185113,2151,101.54,68.0
Tamil Nadu,Madurai,9.904313833333331,78.01366033333332,623,3038252,1526475,1511777,2273430,234611,34097,754141,592723,391821,30852,491822,3207,65204,810,552457,6917,99.04,75.0
Tamil Nadu,Nagapattinam,10.789468161718286,79.79437299431483,618,1616450,798127,818323,1213008,136593,5585,381940,118724,143846,9042,365468,5211,25170,71,273370,3026,102.53,75.0
Tamil Nadu,Namakkal,11.33766638477801,78.14624841437633,609,1726601,869280,857321,1176131,123573,8960,441044,257127,265276,18550,343287,35099,28446,2340,313747,3824,98.62,68.0
Tamil Nadu,Perambalur,11.260137758112096,78.86034011799416,615,565223,282157,283066,375823,85210,1507,135751,33179,49390,2259,132395,7474,9087,59,95746,979,100.32,66.0
Tamil Nadu,Pudukkottai,10.130514816433578,79.05444484265728,621,1618345,803188,815157,1110545,97231,4494,354493,104229,82967,7882,344074,10324,57924,2213,255959,2812,101.49,69.0
Tamil Nadu,Ramanathapuram,9.31286995153476,78.99185362412462,626,1353445,682658,670787,978946,246909,5172,291400,126761,100484,5524,270430,48007,77511,3192,215193,2340,98.26,72.0
Tamil Nadu,Salem,11.629324202127655,78.2478257978723,608,3482056,1781571,1700485,2285562,188672,20660,835377,597539,448968,30660,706525,79818,98845,1706,611941,8169,95.45,66.0
Tamil Nadu,Sivaganga,9.960306580645158,78.56535729032255,622,1339101,668672,670429,959744,101778,5773,314270,143193,113822,8222,277432,18405,53833,1326,226250,2456,100.26,72.0
Tamil Nadu,Thanjavur,10.387692255892237,79.3194869107745,620,2405890,1182416,1223474,1790998,138375,13495,555582,274302,223044,17231,475525,1831,20460,152,405697,4914,103.47,74.0
Tamil Nadu,Theni,9.924066666666668,77.43458833333332,624,1245899,625683,620216,870080,90590,4667,312310,221295,147529,6607,243448,996,14993,1281,230233,2642,99.13,70.0
Tamil Nadu,Thiruvallur,13.275858101752885,80.19724702864492,602,3728104,1876062,1852042,2791721,181452,75634,909400,732196,621907,54505,636443,53570,63193,412,671689,7731,98.72,75.0
Tamil Nadu,Thiruvarur,10.368927409395978,79.60322893959727,619,1264277,626693,637584,946471,138960,4416,303114,86848,109580,6790,287483,860,14124,134,222880,2272,101.74,75.0
Tamil Nadu,Tiruvannamalai,12.419318947368414,79.23265631578953,606,2464875,1235889,1228986,1626813,203879,6445,549077,147061,176242,7851,536269,32837,33865,700,382614,4189,99.44,66.0
Tamil Nadu,Vellore,12.784882632293078,79.02643283582084,605,3936331,1961688,1974643,2773928,191963,20623,865913,486801,417535,20393,764911,26842,78184,616,615915,8092,100.66,70.0
Tamil Nadu,Virudhunagar,9.468872195892564,77.87641469194315,625,1942288,967709,974579,1398788,163264,10219,505950,370942,235005,9845,379629,4158,43124,1504,355973,4300,100.71,72.0
Tripura,Dhalai,23.781360477941163,91.94654283088232,291,378230,194544,183686,276217,64515,273,46875,14071,5532,907,77969,34233,42329,5219,53904,455,94.42,73.0
Tripura,North Tripura,24.121739755351683,92.17842538226292,292,693947,352860,341087,520402,129329,997,81601,42184,19631,2726,134974,60499,64573,6361,93545,848,96.66,75.0
Tripura,South Tripura,23.211874098057383,91.6065807585568,290,876001,447544,428457,646810,129846,948,133744,44906,20246,3454,196002,45913,75085,2438,143146,1118,95.74,74.0
Tripura,West Tripura,23.780166241299337,91.41310788863107,289,1725739,879428,846311,1361354,248343,6394,314567,217016,103228,11356,365266,65588,90977,1396,285029,2817,96.23,79.0
Uttar Pradesh,Agra,26.99512974910393,78.05278291517321,146,4418797,2364953,2053844,2680510,600839,27183,536402,406852,251013,44989,626023,18146,107997,477,259888,5982,86.85,61.0
Uttar Pradesh,Aligarh,27.93748576850093,78.00146831119557,143,3673889,1951996,1721893,2092567,456870,13634,268120,275942,153283,21667,564776,1312,60227,139,233318,4290,88.21,57.0
Uttar Pradesh,Allahabad,25.392038662316445,82.05172446982063,175,5954391,3131807,2822584,3665727,823863,24122,391542,265304,204357,41965,853641,128221,190828,1770,338762,7224,90.13,62.0
Uttar Pradesh,Ambedkar Nagar,26.39119025974028,82.68282142857147,178,2397888,1212410,1185478,1486939,342667,2509,99581,65031,21512,9813,357876,408,33878,282,114866,2797,97.78,62.0
Uttar Pradesh,Auraiya,26.66892394014961,79.42637057356607,162,1379545,740040,639505,930836,133123,2404,65479,58438,32687,5088,240103,14725,39781,81,106340,1510,86.41,67.0
Uttar Pradesh,Azamgarh,26.008290954773837,83.01220251256285,191,4613913,2285004,2328909,2771917,831966,6652,183381,80434,49699,20757,647550,1647,49525,726,184249,5419,101.92,60.0
Uttar Pradesh,Baghpat,29.045793499999988,77.30266300000001,139,1303048,700070,602978,797970,139646,2989,119121,69991,44732,13301,196311,90,27716,68,76826,1514,86.13,61.0
Uttar Pradesh,Bahraich,27.691776300578027,81.46779783237004,180,3487731,1843884,1643847,1398368,447648,2681,85814,61742,38940,13451,582513,8513,48382,277,231407,3060,89.15,40.0
Uttar Pradesh,Ballia,25.86075638297873,84.03651978723408,193,3239774,1672902,1566872,1963590,436021,4672,119972,64454,62157,10846,472507,2135,46271,455,153571,3634,93.66,61.0
Uttar Pradesh,Balrampur,27.449076537911324,82.47158326180256,182,2148665,1114721,1033944,868357,379253,1551,57400,35768,16229,6167,314737,12517,24888,233,96621,2174,92.75,40.0
Uttar Pradesh,Banda,25.351885902503284,80.52487391304344,170,1799410,965876,833534,1002937,325773,1655,73522,67569,26907,5202,312553,20876,67991,466,127003,1949,86.3,56.0
Uttar Pradesh,Bara Banki,26.922777025232424,81.35762350597606,176,3260699,1707073,1553626,1692458,533140,3159,108116,79068,60554,11935,554258,17032,63982,332,226368,3230,91.01,52.0
Uttar Pradesh,Bareilly,28.51101940789474,79.43187072368416,150,4448359,2357665,2090694,2191759,717585,15164,272830,362798,210687,24436,698240,330,23048,198,299042,5126,88.68,49.0
Uttar Pradesh,Basti,26.833880454545447,82.69790590909092,185,2464464,1255272,1209192,1393783,470355,3423,108101,31065,37593,11477,372178,642,25061,354,117645,2775,96.33,57.0
Uttar Pradesh,Bijnor,29.313974259681096,78.45098815489754,134,3682713,1921215,1761498,2135393,498971,7303,268353,224648,128042,17143,604085,423,44423,219,257846,4310,91.69,58.0
Uttar Pradesh,Bulandshahr,28.34875862068968,78.01082758620684,142,3499171,1845260,1653911,2031656,443641,7865,223922,221628,124641,20979,549364,412,31123,116,227306,4534,89.63,58.0
Uttar Pradesh,Chandauli,25.1180859611231,83.25307062634984,196,1952756,1017905,934851,1174606,295979,3492,99602,50822,32433,7313,283240,41519,62997,374,103566,2183,91.84,60.0
Uttar Pradesh,Chitrakoot,25.159924623803,81.07666087551297,171,991730,527721,464009,531072,168472,827,41046,23558,11637,2805,162755,18242,43562,557,62599,1019,87.93,54.0
Uttar Pradesh,Deoria,26.42218856548857,83.8244070686071,190,3100946,1537436,1563510,1875239,602403,4469,150001,67928,60348,13388,463312,334,32291,293,142877,3643,101.7,60.0
Uttar Pradesh,Etah,27.591155309734443,78.70021858407083,201,1774480,947339,827141,1055202,238019,2635,69591,67752,37027,6644,280646,1322,40148,80,104978,3461,87.31,59.0
Uttar Pradesh,Etawah,26.78817670157068,79.07621806282728,161,1581810,845856,735954,1062003,171216,2964,113098,85483,47520,7736,261034,13009,44580,240,112947,1825,87.01,67.0
Uttar Pradesh,Faizabad,26.60589185185181,82.00783530864202,177,2470996,1259628,1211368,1450901,356093,4746,127754,79288,58328,15426,403711,5435,34074,322,156671,2985,96.17,59.0
Uttar Pradesh,Farrukhabad,27.45063297872342,79.4406284574468,159,1885204,1006240,878964,1092677,270550,2624,88081,94843,59209,6765,294748,1018,41197,123,115712,2058,87.35,58.0
Uttar Pradesh,Fatehpur,25.8374362030905,80.85416203090509,172,2632733,1384722,1248011,1512166,409875,3385,75263,77733,43492,16758,460648,42732,116929,329,194029,2868,90.13,57.0
Uttar Pradesh,Firozabad,27.20963993055552,78.42660624999998,147,2498156,1332046,1166110,1521806,324525,5834,196080,185621,100919,10940,379586,2815,76359,191,158210,2940,87.54,61.0
Uttar Pradesh,Gautam Buddha Nagar,28.393311038961038,77.52462467532465,141,1648115,890214,757901,1122947,201277,53181,257586,338935,193902,78631,219857,169,11979,97,163768,2578,85.14,68.0
Uttar Pradesh,Ghaziabad,28.74997308584685,77.67441879350343,140,4681645,2488834,2192811,3123264,534606,78116,695130,836316,501592,119441,672322,484,37264,446,412399,5946,88.11,67.0
Uttar Pradesh,Ghazipur,25.624724775583484,83.5360854578097,195,3620268,1855075,1765193,2197549,566504,5309,105767,61467,36798,21169,514080,18183,97930,259,159312,4079,95.15,61.0
Uttar Pradesh,Gonda,27.157215552099505,82.0226888024882,183,3433919,1787146,1646773,1679994,678171,4313,104084,52794,45517,13053,521253,2818,30149,614,178376,3614,92.15,49.0
Uttar Pradesh,Gorakhpur,26.63315886792452,83.3549560377358,188,4440895,2277777,2163118,2700328,873031,14597,296619,189170,149727,30258,666811,934,42575,807,242957,5455,94.97,61.0
Uttar Pradesh,Hamirpur,25.738158381502892,79.82619479768789,28,454768,217070,237698,358091,37327,2521,104120,15232,34978,6665,99538,1443,5748,22,64353,878,109.5,79.0
Uttar Pradesh,Hamirpur,25.738158381502892,79.82619479768789,168,1104285,593537,510748,653299,159593,1196,55929,55300,20175,3791,202503,9366,41867,255,88512,1291,86.05,59.0
Uttar Pradesh,Hardoi,27.337409090909137,80.26411767676768,155,4092845,2191442,1901403,2221601,741817,3845,95508,121064,60689,12396,697057,28171,89562,231,273230,4209,86.76,54.0
Uttar Pradesh,Jalaun,26.067954587155988,79.36686911314993,165,1689974,906092,783882,1075196,169207,2217,104176,91565,42616,7009,276057,10397,42936,84,118550,1906,86.51,64.0
Uttar Pradesh,Jaunpur,25.70141280913127,82.54315351934063,194,4494204,2220465,2273739,2731677,665376,8002,181467,80582,56508,22876,653913,50739,103567,830,195412,5261,102.4,61.0
Uttar Pradesh,Jhansi,25.45581535234902,78.89954580536917,166,1998603,1057436,941167,1304513,184997,8517,183340,195321,94342,18860,326556,32093,69967,416,173991,2651,89.0,65.0
Uttar Pradesh,Jyotiba Phule Nagar,28.870498984771597,78.39009365482241,137,1840221,963449,876772,983110,251669,2825,89329,115486,55064,7361,300111,70,16955,55,125550,2074,91.0,53.0
Uttar Pradesh,Kannauj,26.993988617886185,79.64437940379408,160,1656616,881776,774840,1017087,237853,2488,61491,65985,32510,6011,268151,1521,60021,190,109000,1730,87.87,61.0
Uttar Pradesh,Kanpur Dehat,26.43047641196011,79.98710083056478,163,1796184,963255,832929,1170243,235341,2682,49753,41323,23831,12752,320512,21093,76669,218,146889,2056,86.47,65.0
Uttar Pradesh,Kaushambi,25.53587532051282,81.41811282051287,174,1599596,838485,761111,813424,184229,1503,43753,30764,22034,4403,271140,15274,71044,228,103416,1645,90.77,51.0
Uttar Pradesh,Kushinagar,26.892530675909864,83.92261542461007,189,3564544,1818055,1746489,1954820,836856,3486,127331,42775,29304,12849,549999,580,40527,567,194609,3704,96.06,55.0
Uttar Pradesh,Lalitpur,24.58877161016945,78.60082330508473,167,1221592,641011,580581,641191,185575,1079,77082,43819,20720,5511,209129,31045,65446,237,94058,1287,90.57,52.0
Uttar Pradesh,Lucknow,26.838233589251463,80.89706026871404,157,4589838,2394476,2195362,3127260,489898,68506,582769,717566,469747,90205,688062,4305,75948,491,406787,7486,91.68,68.0
Uttar Pradesh,Mahoba,25.34529670138888,79.67863003472216,169,875958,466358,409600,488106,119002,1316,42936,48525,12874,5755,157367,25175,46210,191,65642,904,87.83,56.0
Uttar Pradesh,Mainpuri,27.17386862302482,79.03501851015807,148,1868529,993377,875152,1203885,234774,2642,79022,72783,43074,7361,301040,2801,41621,70,117640,1998,88.1,64.0
Uttar Pradesh,Mathura,27.59390432801821,77.62153416856502,145,2547184,1367125,1180059,1507746,303291,8726,281239,177802,107867,16580,385642,32876,106867,131,159951,3025,86.32,59.0
Uttar Pradesh,Mau,26.01082203791469,83.50582654028433,192,2205968,1114709,1091259,1363044,344570,2656,149908,99321,40087,7411,313109,407,23942,233,94455,2693,97.9,62.0
Uttar Pradesh,Meerut,29.02957625698323,77.80611005586593,138,3443689,1825743,1617946,2141488,412280,23717,425624,422303,236071,42392,510035,177,21439,75,241587,4953,88.62,62.0
Uttar Pradesh,Mirzapur,25.10207959183675,82.60126628571429,199,2496970,1312302,1184668,1428683,361642,4447,145997,77963,43500,10205,381372,62226,102159,968,146756,2875,90.27,57.0
Uttar Pradesh,Moradabad,28.851770406189537,78.73580193423597,135,4772006,2503186,2268820,2263848,635957,11690,281758,355518,179473,19316,737631,192,34055,162,304648,5452,90.64,47.0
Uttar Pradesh,Muzaffarnagar,29.470507977736563,77.64017847866423,133,4143512,2193434,1950078,2417339,826387,10077,368153,296104,147785,32866,645420,264,53004,202,263529,4871,88.91,58.0
Uttar Pradesh,Pilibhit,28.52024175035868,79.90103974175037,151,2031007,1072002,959005,1061095,294135,2870,83006,89638,47723,7560,349881,307,12043,163,154326,2125,89.46,52.0
Uttar Pradesh,Pratapgarh,25.864842731707316,81.93530048780492,131,867848,437744,430104,401515,142397,716,71612,24269,17984,2803,171300,45188,60829,1456,91586,2829,98.25,46.0
Uttar Pradesh,Pratapgarh,25.864842731707316,81.93530048780492,173,3209141,1606085,1603056,1931559,427626,5149,140538,41701,46358,15781,523892,69561,87032,459,184070,3639,99.81,60.0
Uttar Pradesh,Rae Bareli,26.253902840059787,81.22260463378181,158,3405559,1752542,1653017,1965843,540661,5184,247856,73393,65080,13483,597191,52141,100286,497,256164,3812,94.32,58.0
Uttar Pradesh,Rampur,28.83244727272725,79.10977333333337,136,2335819,1223889,1111930,1043666,278477,3847,131112,143217,62281,14386,373771,167,12155,159,150333,2545,90.85,45.0
Uttar Pradesh,Saharanpur,30.03381165217392,77.59905147826095,132,3466382,1834106,1632276,2077108,474060,9699,404499,284156,149035,21310,555491,276,49192,726,253552,4029,89.0,60.0
Uttar Pradesh,Sant Kabir Nagar,26.791596516393444,83.0387764344262,186,1715183,869656,845527,954949,341757,2031,79525,27179,17671,6778,253488,369,18525,283,75305,1850,97.23,56.0
Uttar Pradesh,Shahjahanpur,27.991389350649328,79.8302275324675,152,3006538,1606403,1400135,1490930,451571,3889,115163,134714,91958,9927,497520,1670,34164,273,201954,3441,87.16,50.0
Uttar Pradesh,Sitapur,27.501995963091108,80.85288881199547,154,4483992,2375264,2108728,2283733,714304,3874,102040,111319,74072,11679,776437,35189,122069,535,326643,4535,88.78,51.0
Uttar Pradesh,Sonbhadra,24.46693268858798,83.06816324951639,200,1862559,971344,891215,985708,306218,5149,95582,91040,40467,10279,288821,57297,97142,3847,136612,2337,91.75,53.0
Uttar Pradesh,Sultanpur,26.2846386419753,82.05710456790123,179,3797117,1914586,1882531,2239902,460210,5956,233701,49891,55055,18382,612902,47690,100353,476,215780,4190,98.33,59.0
Uttar Pradesh,Unnao,26.63163990895297,80.636773292868,156,3108367,1630087,1478280,1773584,501457,3476,99466,121039,70484,10191,548851,32612,81298,263,241767,3620,90.69,57.0
Uttar Pradesh,Varanasi,25.36057088888889,82.82529666666672,197,3676841,1921857,1754984,2403903,467782,19214,336056,316129,202055,24216,500257,39259,96168,245,203836,5059,91.32,65.0
Uttaranchal,Almora,29.683532133676103,79.50165064267351,64,622506,291081,331425,436497,90864,1830,109876,21082,40199,3396,123666,940,37135,2135,69633,742,113.86,70.0
Uttaranchal,Bageshwar,29.98703393393397,79.83954354354357,63,259898,124326,135572,179483,38113,435,47083,3880,13352,1149,53896,869,15919,983,31288,281,109.05,69.0
Uttaranchal,Chamoli,30.58338611464965,79.56281095541402,57,391605,193991,197614,280556,47447,899,71524,22906,27853,2516,72625,537,21344,847,45109,467,101.87,72.0
Uttaranchal,Champawat,29.29142393939393,80.07720212121217,65,259648,131125,128523,177726,36127,548,37725,12839,18785,1387,44945,1062,13589,1076,26364,309,98.02,68.0
Uttaranchal,Pithoragarh,30.14720631868129,80.34229230769236,62,483439,239306,244133,345550,63591,1344,95421,26256,45365,3008,94192,1194,24590,2067,63782,631,102.02,71.0
Uttaranchal,Tehri Garhwal,30.463700918635173,78.48783792650917,59,618931,297986,320945,407994,72163,1366,117239,27177,50929,4324,114292,1499,40050,2673,65081,743,107.7,66.0
Uttaranchal,Udham Singh Nagar,29.02779577677222,79.45629004524895,67,1648902,858783,790119,1037839,179602,7883,254802,145253,116576,16841,255817,86,11164,72,150705,1805,92.0,63.0
Uttaranchal,Uttarkashi,30.968958552036234,78.56880615384617,56,330086,168597,161489,215126,43442,602,52621,9061,21374,1637,55125,724,18920,1367,32005,356,95.78,65.0
West Bengal,Bankura,23.081280892857155,87.12640053571437,339,3596674,1838095,1758579,2232992,450029,4273,334670,90885,45126,7898,736418,79084,286251,3939,469864,3959,95.67,62.0
West Bengal,Barddhaman,23.444453888888884,87.8150581111111,335,7717563,3966889,3750674,5247208,800473,32323,1049943,862368,292585,46714,1485095,90491,441435,3377,1100028,13547,94.55,68.0
West Bengal,Birbhum,24.06389342723,87.65153089201888,334,3502404,1790920,1711484,2158447,417769,5210,333752,134565,57010,7305,764002,38633,284762,2587,527618,3911,95.56,62.0
West Bengal,Dakshin Dinajpur,25.342094363021435,88.69821679819614,331,1676276,857199,819077,1083685,247675,2518,168069,70077,37186,6211,381199,2362,100724,217,270930,2039,95.55,65.0
West Bengal,Darjiling,26.839619571045585,88.33145067024122,327,1846823,937259,909564,1315585,183479,10943,297176,215675,141897,15192,305878,78413,127566,1776,235480,3146,97.05,71.0
West Bengal,Haora,22.401674174428507,87.99421176968654,341,4850029,2500819,2349210,3605206,516323,30751,796953,869313,325053,22295,861570,5450,310147,423,659612,9414,93.94,74.0
West Bengal,Hugli,22.87929264705881,88.00010264705891,338,5519145,2814653,2704492,4078388,676265,31725,965258,647953,319815,24013,1121201,2976,316172,2920,837497,9450,96.09,74.0
West Bengal,Jalpaiguri,26.62642031250004,89.04154375000003,328,3872846,1983064,1889782,2498780,455854,9322,382500,319426,138522,16431,693346,321013,143585,7022,554594,5160,95.3,65.0
West Bengal,Kolkata,22.550581481481483,88.3527648148148,342,4496694,2356766,2139928,3588137,255171,136618,927602,1308106,623579,85605,540172,1735,58437,1464,590949,16375,90.8,80.0
West Bengal,Maldah,25.08026802575105,88.17191684549356,332,3988845,2051541,1937304,2086432,478902,5357,297716,128678,54213,9639,810212,68379,230891,1850,492634,4191,94.43,52.0
West Bengal,Murshidabad,24.25950655391121,88.16816860465121,333,7103807,3627564,3476243,4055834,837828,7951,541169,350899,92742,14050,1481222,7421,394901,2227,963617,8088,95.83,57.0
West Bengal,Nadia,23.56410971055088,88.58293034547152,336,5167600,2653768,2513832,3480555,605490,12787,623729,468390,168314,18658,1162914,2492,143983,971,856282,7048,94.73,67.0
West Bengal,Puruliya,23.254192328767108,86.3968532876713,340,2930115,1496996,1433119,1624905,299355,3551,189889,99433,30675,6602,546915,157386,287559,13793,307951,3309,95.73,55.0
West Bengal,Uttar Dinajpur,26.044619165196977,88.23595232216337,330,3007134,1551066,1456068,1489667,402590,2883,199307,94269,39138,8150,573488,9714,77223,484,326958,3214,93.88,50.0
